banner_boongo_pumpkin_2.webp,banner boongo pumpkin 2
minibanner_boongo_pumpkin_2.webp,mini banner boongo pumpkin 2
banner_jackpot_wolfgold_2.webp,banner jackpot wolfgold 2
minibanner_jackpot_wolfgold_2.webp,minibanner jackpot wolfgold 2
banner_jackpot_wolfgold.webp,banner jackpot wolfgold
minibanner_jackpot_wolfgold.webp,minibanner jackpot wolfgold
minibanner_pragmatic_jackpot_wolfgold2.webp,minibanner pragmatic jackpot wolfgold2
banner_pragmatic_jackpot_wolfgold2.webp,banner pragmatic jackpot wolfgold2
minibanner_pragmatic_jackpot_wolfgold3.webp,minibanner pragmatic jackpot wolfgold3
banner_pragmatic_jackpot_wolfgold3.webp,banner pragmatic jackpot wolfgold3
banner_vituralgame_gallo.webp,banner vituralgame gallo
minibanner_vituralgame_gallo.webp,minibanner vituralgame gallo
banner_barbarabang_22062022.webp,banner barbarabang 22062022
mini_banner_barbarabang_22062022.webp,minibanner barbarabang 2206202
banner_pragmatic_dohhousejp.webp,banner pragmatic dohhousejp
minibanner_pragmatic_dohhousejp.webp,minibanner pragmatic dohhousejp
banner_pragmatic_sweetbonanza.webp,banner pragmatic sweetbonanza
minibanner_pragmatic_sweetbonanza.webp,minibanner pragmatic sweetbonanza
banner_pragmatic_madame.webp,banner pragmatic madame
minibanner_pragmatic_madame.webp,minibanner pragmatic madame
banner_pragmatic_asgardjp.webp,banner pragmatic asgardjp
minibanner_pragmatic_asgardjp.webp,minibanner pragmatic asgardjp
banner_swintt_puglife.webp,banner swintt puglife
minibanner_swintt_puglife.webp,minibanner swintt puglife
banner_mancala_megaroll.webp,banner mancala megaroll
minibanner_mancala_megaroll.webp,minibanner mancala megaroll
banner_pragmatic_spincore.webp,banner pragmatic spincore
minibanner_pragmatic_spincore.webp,minibanner pragmatic spincore
banner_pragmatic_towering.webp,banner pragmatic towering
minibanner_pragmatic_towering.webp,minibanner pragmatic towering
banner_bgaming_bookcats.webp,banner bgaming bookcats
minibanner_bgaming_bookcats.webp,minibanner bgaming bookcats
ganadores_copalealtad_noviembre1.jpg,ganadores copalealtad noviembre1
banner_bigbang_2.webp,banner bigbang 2
minibanner_bigbang_2.webp,minibanner bigbang 2
banner_swintt_tigerbonus.webp,banner_swintt_tigerbonus
minibanner_swintt_tigerbonus.webp,minibanner_swintt_tigerbonus
banner_swintt_dragon.webp,banner_swintt_dragon
minibanner_swintt_dragon.webp,minibanner_swintt_dragon
banner_swintt_bigmax.webp,banner_swintt_bigmax
minibanner_swintt_bigmax.webp,minibanner_swintt_bigmax
banner_vivogaming_cup.webp,banner_vivogaming_cup
minibanner_vivogaming_cup.webp,minibanner_vivogaming_cup
banner_vivogaming_cup_2.webp,banner_vivogaming_cup_2
minibanner_vivogaming_cup_2.webp,minibanner_vivogaming_cup_2 
banner_pragmatic_reelbanks.webp,banner_pragmatic_reelbanks
minibanner_pragmatic_reelbanks.webp,minibanner_pragmatic_reelbanks
banner_dropsandwins_17012023_slots.webp,banner_dropsandwins_17012023_slots
mini_banner_dropsandwins_17012023_slots.webp,mini_banner_dropsandwins_17012023_slots
minibanner_dropsandwins_17012023_slots_2.webp,minibanner_dropsandwins_17012023_slots_2
banner_dropsandwins_17012023_slots_2.webp,banner_dropsandwins_17012023_slots_2
minibanner_dropsandwins_17012023_casino.webp,minibanner_dropsandwins_17012023_casino
minibanner_dropsandwins_17012023_casino_2.webp,minibanner_dropsandwins_17012023_casino_2
banner_dropsandwins_17012023_CASINO_2.webp,banner_dropsandwins_17012023_CASINO_2
banner_dropsandwins_17012023_CASINO.webp,banner_dropsandwins_17012023_CASINO
banner_pragmatic_thedog.webp,banner_pragmatic_thedog
minibanner_pragmatic_thedog.webp,minibanner_pragmatic_thedog
banner_bgaming_book.webp,banner_bgaming_book
minibanner_bgaming_book.webp,minibanner_bgaming_book
banner_dropswins_casinolive_2.webp,banner_dropswins_casinolive_2
minibanner_dropswins_casinolive_2.webp,minibanner_dropswins_casinolive_2
banner_dropswins_casinolive.webp,banner_dropswins_casinolive
minibanner_dropswins_casinoslive.webp,minibanner_dropswins_casinoslive
banner_dropswins_slots.webp,banner_dropswins_slots
minibanner_dropswins_slots.webp,minibanner_dropswins_slots
banner_dropswins_slots_2.webp,banner_dropswins_slots_2
minibanner_dropswins_slots_2.webp,minibanner_dropswins_slots_2
banner_binbang_04042023.webp,banner_binbang_04042023
minibanner_binbang_04042023.webp,minibanner_binbang_04042023
banner_binbang_04042023_2.webp,banner_binbang_04042023_2
minibanner_binbang_04042023_2.webp,minibanner_binbang_04042023_2
banner_barbarabanh_blackjack.webp,banner_barbarabanh_blackjack
minibanner_barbarabanh_blackjack.webp,minibanner_barbarabanh_blackjack
banner_pragmatic_african.webp,banner_pragmatic_african
minibanner_pragmatic_african.webp,minibanner_pragmatic_african
banner_pragmatic_wild.webp,banner_pragmatic_wild
minibanner_pragmatic_wild.webp,minibanner_pragmatic_wild
banner-dropsandwins_14042023_slots.webp,banner-dropsandwins_14042023_slots
minibanner-dropsandwins_14042023_slots.webp,minibanner-dropsandwins_14042023_slots
banner-dropsandwins_14042023_slots_2.webp,banner-dropsandwins_14042023_slots_2
minibanner-dropsandwins_14042023slots_2.webp,minibianner-dropsandwins_14042023_slots_2
banner-dropsandwins_14042023_CASINO.webp,banner-dropsandwins_14042023_CASINO
minibanner-dropsandwins_14042023_casino.webp,minibanner-dropsandwins_14042023_casino
banner-dropsandwins_14042023_CASINO_2.webp,banner-dropsandwins_14042023_CASINO_2
minibanner-dropsandwins_14042023_casino_2.webp,minibanner-dropsandwins_14042023_casino_2
bannerfreespins_pragmatic_17042023.webp,minibannerfreespins_pragmatic_17042023
minibannerfreespins_pragmatic_17042023.webp,minibannerfreespins_pragmatic_17042023
bannerfreespins_pragmatic_17042023_2.webp,bannerfreespins_pragmatic_17042023_2
minibannerfreespins_pragmatic_17042023_2.webp,minibannerfreespins_pragmatic_17042023_2
banner_mancala_lastquack.webp,banner_mancala_lastquack
minibanner_mancala_lastquack.webp,minibanner_mancala_lastquack
banner_pragmatic_monkey.webp,banner_pragmatic_monkey
minibanner_pragmatic_monkey.webp,minibanner_pragmatic_monkey
banner_pragmatic_janehunter.webp,banner_pragmatic_janehunter
minibanner_pragmatic_janehunter.webp,minibanner_pragmatic_janehunter
minibanner_newruleta_pragmatic.webp,minibanner_newruleta_pragmatic
banner_newruleta_pragmatic.webp,banner_newruleta_pragmatic
banner_pragmatic_excalibur.webp,banner_pragmatic_excalibur
minibanner_pragmatic_excalibur.webp,minibanner_pragmatic_excalibur
banner_pragmatic_wildbisson.webp,banner_pragmatic_wildbisson
minibanner_pragmatic_wildbisson.webp,minibanner_pragmatic_wildbisson
banner_pragmatic_newruleta.webp,banner_pragmatic_newruleta
minibanner_pragmatic_newruleta.webp,minibanner_pragmatic_newruleta
banner_newruleta_pragamtic_snakes.webp,banner_newruleta_pragamtic_snakes
minibanner_newruleta_pragamtic_snakes.webp,minibanner_newruleta_pragamtic_snakes
banner_pragmatic_girofortuna.webp,minibanner_pragmatic_girofortuna
minibanner_pragmatic_girofortuna.webp,minibanner_pragmatic_girofortuna
banner_pragmatic_girofortuna_2.webp,minibanner_pragmatic_girofortuna_2
minibanner_pragmatic_girofortuna_2.webp,minibanner_pragmatic_girofortuna_2
banner_barbarabag_liar.webp,banner_barbarabag_liar
minibanner_barbarabag_liar.webp,minibanner_barbarabag_liar
banner_bgaming_hit.webp,banner_bgaming_hit
minibanner_bgaming_hit.webp,minibanner_bgaming_hit
banner_bgaming_lucky.webp,banner_bgaming_lucky
minibanner_bgaming_lucky.webp,minibanner_bgaming_lucky
banner_pragmatic_lamp.webp,banner_pragmatic_lamp
minibanner_pragmatic_lamp.webp,minibanner_pragmatic_lamp
banner_pragmatic_jewel.webp,banner_pragmatic_jewel
minibanner_pragmatic_jewel.webp,minibanner_pragmatic_jewel
banner_swintt_duolitos.webp,banner_swintt_duolitos
minibanner_swintt_duolitos.webp,minibanner_swintt_duolitos
banner_pragmatic_freespins_22052023.webp,banner_pragmatic_freespins_22052023
minibannerpragmatic_freespins_22052023.webp,minibannerpragmatic_freespins_22052023
bannerpragmatic_freespins_22052023_2.webp,minibannerpragmatic_freespins_22052023_2
minibannerpragmatic_freespins_22052023_2.webp,minibannerpragmatic_freespins_22052023_2
banner_Mythicalgardens.webp,banner_Mythicalgardens
minibanner_Mythicalgardens.webp,minibanner_Mythicalgardens
banner_Mythicalgardens_2.webp,minibanner_Mythicalgardens_2
minibanner_Mythicalgardens_2.webp,minibanner_Mythicalgardens_2 
banner_isoftbet_olympushades.webp,banner_isoftbet_olympushades
minibanner_isoftbet_olympushades.webp,minibanner_isoftbet_olympushades
banner_pragmatic_jewelrush.webp,banner_pragmatic_jewelrush
minibanner_pragmatic_jewelrush.webp,minibanner_pragmatic_jewelrush
banner_pragmatic_zeushades.webp,banner_pragmatic_zeushades
minibanner_pragmatic_zeushades.webp,minibanner_pragmatic_zeushades
banner_swintt_ligthinning.webp,banner_swintt_ligthinning
minibanner_swintt_ligthinning.webp,minibanner_swintt_ligthinning
ganadores_copalealtad_mayo3.jpg,ganadores_copalealtad_mayo3
banner-polla_26052023.webp,banner-polla_26052023
minibanner-polla_26052023.webp,minibanner-polla_26052023
banner_pragmatic_stickybeges.webp,banner_pragmatic_stickybeges
minibanner_pragmatic_stickybeges.webp,minibanner_pragmatic_stickybeges
banner_casinolive_sprintgaming.webp,banner_casinolive_sprintgaming
minibanner_casinolive_sprintgaming.webp,minibanner_casinolive_sprintgaming
banner_polla_02062023.webp,banner_polla_02062023
minibanner_polla_02062023.webp,minibanner_polla_02062023
banner_evolution.webp,banner_evolution
minibanner_evolution.webp,minibanner_evolution
marquesina_02062023.gif,marquesina_02062023
minimarquesina_02062023.gif,minimarquesina_02062023
banner_slots_redtiger.webp,banner_slots_redtiger
minibanner_slots_redtiger.webp,minibanner_slots_redtiger
banner_copalealtad_junio.webp,banner_copalealtad_junio
minibanner_copalealtad_junio.webp,minibanner_copalealtad_junio
ganadores_copalealtad_mayo5.jpg,ganadores_copalealtad_mayo5
banner_barbarabang_hitholdspin.webp,banner_barbarabang_hitholdspin
minibanner_barbarabang_hitholdspin.webp,minibanner_barbarabang_hitholdspin
banner_bgaming_limbo.webp,banner_bgaming_limbo
minibanner_bgaming_limbo.webp,minibanner_bgaming_limbo
banner_evolution_egyptian.webp,banner_evolution_egyptian
minibanner_evolution_egyptian.webp,minibanner_evolution_egyptian
banner_isoftbet_greataztec.webp,banner_isoftbet_greataztec
minibanner_isoftbet_greataztec.webp,minibanner_isoftbet_greataztec
banner_pragmatic_piratespub.webp,banner_pragmatic_piratespub
minibanner_pragmatic_piratespub.webp,minibanner_pragmatic_piratespub
banner_swintt_bigmax4.webp,banner_swintt_bigmax4
minibanner_swintt_bigmax4.webp,minibanner_swintt_bigmax4
banner_polla_09062023.webp,banner_polla_09062023
minibanner_polla_09062023.webp,minibanner_polla_09062023
banner_spaceman_08062023.webp,banner_spaceman_08062023_2
minibanner_spaceman_08062023.webp,minibanner_spaceman_08062023
banner_spaceman_08062023_2.webp,banner_spaceman_08062023_2
minibanner_spaceman_08062023_2.webp,minibanner_spaceman_08062023_2
banner_mancala_egyptian.webp,banner_mancala_egyptian
minibanner_mancala_egyptian.webp,minibanner_mancala_egyptian
banner_netent_thewishmaster.webp,banner_netent_thewishmaster
minibanner_netent_thewishmaster.webp,minibanner_netent_thewishmaster
banner_polla_09062023_2.webp,banner_polla_09062023_2
mibanner_polla_09062023_2.webp,mibanner_polla_09062023_2
banner_pragmatic_premiosmisterios.webp,banner_pragmatic_premiosmisterios
minibanner_pragmatic_premiosmisterios.webp,minibanner_pragmatic_premiosmisterios
banner_pragmatic_premiosmisterios_2.webp,banner_pragmatic_premiosmisterios_2
minibanner_pragmatic_premiosmisterios_2.webp,minibanner_pragmatic_premiosmisterios_2
Copalealtad_junio1.jpg,Copalealtad_junio1
banner-polla_16062023.webp,banner-polla_16062023
minibanner-polla_16062023.webp,minibanner-polla_16062023
banner_barbarabag_digger.webp,banner_barbarabag_digger
minibanner_barbarabag_digger.webp,minibanner_barbarabag_digger
banner_bgaming_bhalla.webp,banner_bgaming_bhalla
minibanner_bgaming_bhalla.webp,minibanner_bgaming_bhalla
banner_mancala_buffalo.webp,banner_mancala_buffalo
minibanner_mancala_buffalo.webp,minibanner_mancala_buffalo
banner_pragmatic_floating.webp,banner_pragmatic_floating
minibanner_pragmatic_floating.webp,minibanner_pragmatic_floating
banner_swintt_luckyfortune.webp,banner_swintt_luckyfortune
minibanner_swintt_luckyfortune.webp,minibanner_swintt_luckyfortune
banner_pragmatic_country.webp,banner_pragmatic_country
minibanner_pragmatic_country.webp,minibanner_pragmatic_country
banner_pagmatic_fatpanda.webp,banner_pagmatic_fatpanda
minibanner_pagmatic_fatpanda.webp,minibanner_pagmatic_fatpanda
banner_pragmatic_slotmania.webp,banner_pragmatic_slotmania
minibanner_pragmatic_slotmania.webp,minibanner_pragmatic_slotmania
banner_pragmatic_slotmania_2.webp,banner_pragmatic_slotmania_2
minibanner_pragmatic_slotmania_2.webp,minibanner_pragmatic_slotmania_2
banner_redtiger_gemsinferno.webp,banner_redtiger_gemsinferno
minibanner_redtiger_gemsinferno.webp,minibanner_redtiger_gemsinferno
banner_isoftbet_cashlab.webp,banner_isoftbet_cashlab
minibanner_isoftbet_cashlab.webp,minibanner_isoftbet_cashlab
banner_platipus_texasholdem.webp,banner_platipus_texasholdem
minibanner_platipus_texasholdem.webp,minibanner_platipus_texasholdem
banner_platipus_missgissy.webp,banner_platipus_missgissy
minibanner_platipus_missgissy.webp,minibanner_platipus_missgissy
banner_pragmatic_fatpanda.webp,banner_pragmatic_fatpanda
minibanner_pragmatic_fatpanda.webp,minibanner_pragmatic_fatpanda
banner_pragmatic_bbamazon.webp,banner_pragmatic_bbamazon
minibanner_pragmatic_bbamazon.webp,minibanner_pragmatic_bbamazon
banner_pragmatic_heiss.webp,banner_pragmatic_heiss
minibanner_pragmatic_heiss.webp,minibanner_pragmatic_heiss
banner_swintt_electro.webp,banner_swintt_electro
minibanner_swintt_electro.webp,minibanner_swintt_electro
ganadores_copalealtad_junio2.jpg,ganadores_copalealtad_junio2
banner_polla_23062023.webp,banner_polla_23062023.webp
minibanner_polla_23062023.webp,minibanner_polla_23062023.webp
ganadores_copalealtad_junio3.jpg,ganadores_copalealtad_junio3
banner_bgaming_wildchicago.webp,banner_bgaming_wildchicago
minibanner_bgaming_wildchicago.webp,minibanner_bgaming_wildchicago
banner_redtiger_ciberatacck.webp,banner_redtiger_ciberatacck
minibanner_redtiger_ciberatacck.webp,minibanner_redtiger_ciberatacck
banner_netent_twin.webp,banner_netent_twin
minibanner_netent_twin.webp,minibanner_netent_twin
banner_swintt_capsule.webp,banner_swintt_capsule
minibanner_swintt_capsule.webp,minibanner_swintt_capsule
banner_pragmatic_wisdom.webp,banner_pragmatic_wisdom
minibanner_pragmatic_wisdom.webp,minibanner_pragmatic_wisdom
mibanner_pragmatic_spellbrendind.webp,mibanner_pragmatic_spellbrendind
banner_polla_30062023.webp,banner_polla_30062023
minibanner_polla_30062023.webp,minibanner_polla_30062023
banner_copalealtad_julio2023.webp,banner_copalealtad_julio2023
minibanner_copalealtad_julio2023.webp,minibanner_copalealtad_julio2023
banner_freespins_barbarabang_julio1.webp,banner_freespins_barbarabang_julio1
minibanner_freespins_barbarabang_julio1.webp,minibanner_freespins_barbarabang_julio1
banner_freespins_barbarabang_julio1_2.webp,banner_freespins_barbarabang_julio1_2
minibanner_freespins_barbarabang_julio1_2.webp,minibanner_freespins_barbarabang_julio1_2
ganadores_copalealtad_junio4.jpg,ganadores_copalealtad_junio4
banner_pragmatic_hellvis.webp,banner_pragmatic_hellvis
minibanner_pragmatic_hellvis.webp,minibanner_pragmatic_hellvis
banner_pragmatic_powermerlin.webp,banner_pragmatic_powermerlin
minibanner_pragmatic_powermerlin.webp,minibanner_pragmatic_powermerlin
banner_swintt_treasuremesure.webp,banner_swintt_treasuremesure
minibanner_swintt_treasuremesure.webp,minibanner_swintt_treasuremesure
banner_polla_07072023.webp,banner_polla_07072023
minibanner_polla_07072023.webp,minibanner_polla_07072023
banner_pragmatic_megaroulett1.webp,banner_pragmatic_megaroulett1
minibanner_pragmatic_megaroulett1.webp,minibanner_pragmatic_megaroulett1
ganadores_copalealtad_julio1.jpg,ganadores_copalealtad_julio1
ganadores_freespins_barbarabang_12072023.jpg,ganadores_freespins_barbarabang_12072023
banner_pragmatic_cashbox.webp,banner_pragmatic_cashbox
minibanner_pragmatic_cashbox.webp,minibanner_pragmatic_cashbox
banner_pragmatic_buzzin.webp,banner_pragmatic_buzzin
minibanner_pragmatic_buzzin.webp,minibanner_pragmatic_buzzin
banner_isoftbet_gazeofglod.webp,banner_isoftbet_gazeofglod
minibanner_isoftbet_gazeofglod.webp,minibanner_isoftbet_gazeofglod
banner_polla_14072023.webp,banner_polla_14072023
minibanner_polla_14072023.webp,minibanner_polla_14072023
ganadores_copalealtad_julio2.jpg,ganadores_copalealtad_julio2
banner_barbarabang_dodle.webp,banner_barbarabang_dodle
minibanner_barbarabang_dodle.webp,minibanner_barbarabang_dodle
banner_pragmatic_lobster.webp,banner_pragmatic_lobster
minibanner_pragmatic_lobster.webp,minibanner_pragmatic_lobster
banner_platipus_turbo.webp,banner_platipus_turbo
minibanner_platipus_turbo.webp,minibanner_platipus_turbo
banner_polla_21072023.webp,banner_polla_21072023
minibanner_polla_21072023.webp,minibanner_polla_21072023
banner_freespins_barbarabang_julio2.webp,banner_freespins_barbarabang_julio2_2
minibanner_freespins_barbarabang_julio2.webp,minibanner_freespins_barbarabang_julio2_2
banner_freespins_barbarabang_julio2_2.webp,minibanner_freespins_barbarabang_julio2_2
minibanner_freespins_barbarabang_julio2_2.webp,minibanner_freespins_barbarabang_julio2_2
banner_girodefortuna_julio.webp,banner_girodefortuna_julio
minibanner_girodefortuna_julio.webp,minibanner_girodefortuna_julio
banner_girodefortuna_julio_2.webp,banner_girodefortuna_julio_2
minibanner_girodefortuna_julio_2.webp,minibanner_girodefortuna_julio_2
banner_pragmatic_vegasball.webp,banner_pragmatic_vegasball
minibanner_pragmatic_vegasball.webp,minibanner_pragmatic_vegasball
ganadores_copalealtad_julio3.jpg,ganadores_copalealtad_julio3
banner_pragmatic_premiosmisterioso.webp,banner_pragmatic_premiosmisterioso
minibanner_pragmatic_premiosmisterioso.webp,minibanner_pragmatic_premiosmisterioso
banner_pragmatic_premiosmisterioso_2.webp,banner_pragmatic_premiosmisterioso_2
minibanner_pragmatic_premiosmisterioso_2.webp,minibanner_pragmatic_premiosmisterioso_2
ganadores_barbarabang_weekend_26072023.jpg,ganadores_barbarabang_weekend_26072023
banner_barbarabang_sweetdream.webp,banner_barbarabang_sweetdream
minibanner_barbarabang_sweetdream.webp,minibanner_barbarabang_sweetdream
banner_isoftbet_basketballking.webp,banner_isoftbet_basketballking
minibanner_isoftbet_basketballking.webp,minibanner_isoftbet_basketballking
banner_mancala_cashlegion.webp,banner_mancala_cashlegion
minibanner_mancala_cashlegion.webp,minibanner_mancala_cashlegion
banner_pragmatic_skybounting.webp,banner_pragmatic_skybounting
minibanner_pragmatic_skybounting.webp,minibanner_pragmatic_skybounting
banner_swintt_samuraipleausre.webp,banner_swintt_samuraipleausre
minibanner_swintt_samuraipleausre.webp,minibanner_swintt_samuraipleausre
banner_polla_28072023.webp,banner_polla_28072023
minibanner_polla_28072023.webp,minibanner_polla_28072023
banner_spaceman_pragmatic_chile.webp,minibanner_spaceman_pragmatic_chile
minibanner_spaceman_pragmatic_chile.webp,minibanner_spaceman_pragmatic_chile
banner_spaceman_pragmatic_chile_2.webp,banner_spaceman_pragmatic_chile_2
minibanner_spaceman_pragmatic_chile_2.webp,minibanner_spaceman_pragmatic_chile_2
banner_freespins_pragmatic_agosto.webp,minibanner_freespins_pragmatic_agosto
minibanner_freespins_pragmatic_agosto.webp,minibanner_freespins_pragmatic_agosto
banner_freespins_pragmatic_agosto_2.webp,banner_freespins_pragmatic_agosto_2
minibanner_freespins_pragmatic_agosto_2.webp,minibanner_freespins_pragmatic_agosto_2
banner_casinolive_pragmatic_agosto.webp,banner_casinolive_pragmatic_agosto
minibanner_casinolive_pragmatic_agosto.webp,minibanner_casinolive_pragmatic_agosto
banner_casinolive_pragmatic_agosto_2.webp,banner_casinolive_pragmatic_agosto_2
minibanner_casinolive_pragmatic_agosto_2.webp,minibanner_casinolive_pragmatic_agosto_2
banner_casinolive_peru_pragagosto.webp,banner_casinolive_peru_pragagosto
minibanner_casinolive_peru_pragagosto.webp,minibanner_casinolive_peru_pragagosto
banner_casinolive_peru_pragagosto_2.webp,banner_casinolive_peru_pragagosto_2
minibanner_casinolive_peru_pragagosto_2.webp,minibanner_casinolive_peru_pragagosto_2
banner_copalealtad_agosto_2023.webp,banner_copalealtad_agosto_2023
minibanner_copalealtad_agosto_2023.webp,minibanner_copalealtad_agosto_2023
banner_casinolive_chile_pragagosto.webp,banner_casinolive_chile_pragagosto.webp
minibanner_casinolive_chile_pragagosto.webp,minibanner_casinolive_chile_pragagosto.webp
banner_casinolive_chile_pragagosto_2.webp,banner_casinolive_chile_pragagosto_2
minibanner_casinolive_chile_pragagosto_2.webp,minibanner_casinolive_chile_pragagosto_2
banner_isoftbet_americanroulett.webp,banner_isoftbet_americanroulett
minibanner_isoftbet_americanroulett.webp,minibanner_isoftbet_americanroulett
banner_mancala_bugsandwin.webp,banner_mancala_bugsandwin
minibanner_mancala_bugsandwin.webp,minibanner_mancala_bugsandwin
banner_mancala_fortune_tumble.webp,banner_mancala_fortune_tumble
minibanner_mancala_fortune_tumble.webp,minibanner_mancala_fortune_tumble
banner_mancala_hyperexplorer.webp,banner_mancala_hyperexplorer
minibanner_mancala_hyperexplorer.webp,minibanner_mancala_hyperexplorer
banner_pragmatic_daimondcascade.webp,banner_pragmatic_daimondcascade
minibanner_pragmatic_daimondcascade.webp,minibanner_pragmatic_daimondcascade
banner_pragmatic_rocketblass.webp,banner_pragmatic_rocketblass
minibanner_pragmatic_rocketblass.webp,minibanner_pragmatic_rocketblass
banner_swintt_winoramaxl.webp,banner_swintt_winoramaxl
minibanner_swintt_winoramaxl.webp,minibanner_swintt_winoramaxl
banner_polla_04082023.webp,banner_polla_04082023
minibanner_polla_04082023.webp,minibanner_polla_04082023
ganadores_copalealtad_julio4.jpg,ganadores_copalealtad_julio4
ganadores_copalealtad_agosto1.jpg,ganadores_copalealtad_agosto1
banner_swintt_duolitoiceman.webp,banner_swintt_duolitoiceman
minibanner_swintt_duolitoiceman.webp,minibanner_swintt_duolitoiceman
banner_pragmatic_pubsking.webp,banner_pragmatic_pubsking
minibanner_pragmatic_pubsking.webp,minibanner_pragmatic_pubsking
banner_pragmatic_piggybanco.webp,banner_pragmatic_piggybanco
minibanner_pragmatic_piggybanco.webp,minibanner_pragmatic_piggybanco
banner_mancala_muscle.webp,banner_mancala_muscle
minibanner_mancala_muscle.webp,minibanner_mancala_muscle
banner_isoftbet_bisson.webp,banner_isoftbet_bisson
minibanner_isoftbet_bisson.webp,minibanner_isoftbet_bisson
banner_pragmatic_speedbj.webp,banner_pragmatic_speedbj
minibanner_pragmatic_speedbj.webp,minibanner_pragmatic_speedbj

