4546,dbdc6655,Aliens,netent,https://ocbslots.s3.amazonaws.com/140x140/aliens.jpg
4548,678c7929,Allways Fruits,amatic,https://ocbslots.s3.amazonaws.com/140x140/allways-fruits.jpg
4553,2e9b3e23,American Gangster,greentube,https://ocbslots.s3.amazonaws.com/140x140/american-gangster.jpg
4559,36046de1,Ark of Mystery,quickspin,https://ocbslots.s3.amazonaws.com/140x140/ark-of-mystery.jpg
4564,63ac15fe,Avalon,microgaming,https://ocbslots.s3.amazonaws.com/140x140/avalon.jpg
4566,b444a761,Back to the 70`s,wazdan,https://ocbslots.s3.amazonaws.com/140x140/back-to-the-70s.jpg
4567,825903d2,Baker Street,merkur,https://ocbslots.s3.amazonaws.com/140x140/baker-street.jpg
4570,540111a7,Basketball Star,microgaming,https://ocbslots.s3.amazonaws.com/140x140/basketball-star.jpg
4571,2eea6428,Batman Begins,playtech,https://ocbslots.s3.amazonaws.com/140x140/batman-begins.jpg
4572,354a8a69,Batman & the Joker Jewels,playtech,https://ocbslots.s3.amazonaws.com/140x140/batman-the-joker-jewels.jpg
4573,b6c2a626,Batman & the Penguin Prize,playtech,https://ocbslots.s3.amazonaws.com/140x140/batman-the-penguin-prize.jpg
4574,6fc07680,Batman vs Superman: Dawn of Justice,playtech,https://ocbslots.s3.amazonaws.com/140x140/batman-vs-superman-dawn-of-justice.jpg
4579,20ae02a4,Bells on Fire,amatic,https://ocbslots.s3.amazonaws.com/140x140/bells-on-fire.jpg
4580,47c5e4fa,Bells on Fire HOT,amatic,https://ocbslots.s3.amazonaws.com/140x140/bells-on-fire-hot.jpg
4581,4c7a9902,Bells on Fire ROMBO,amatic,https://ocbslots.s3.amazonaws.com/140x140/bells-on-fire-rombo.jpg
4593,d3775f0a,Black Hawk,wazdan,https://ocbslots.s3.amazonaws.com/140x140/black-hawk.jpg
4594,8a9b0385,Black Horse,wazdan,https://ocbslots.s3.amazonaws.com/140x140/black-horse.jpg
4607,c51d6d3d,Book of Maya,greentube,https://ocbslots.s3.amazonaws.com/140x140/book-of-maya.jpg
4608,84122c27,Book of Ra 6 deluxe,greentube,https://ocbslots.s3.amazonaws.com/140x140/book-of-ra-6-deluxe.jpg
4609,ca26deb0,Book of Ra classic,gaminator,https://ocbslots.s3.amazonaws.com/140x140/book-of-ra-classic.jpg
4610,def4563a,Book of Ra Classic,greentube,https://ocbslots.s3.amazonaws.com/140x140/book-of-ra-classic.jpg
4611,cfeb894a,Book of Ra Deluxe,greentube,https://ocbslots.s3.amazonaws.com/140x140/book-of-ra-deluxe.jpg
4615,4d426c0f,Break Away,microgaming,https://ocbslots.s3.amazonaws.com/140x140/break-away.jpg
4616,7457c89b,Break da Bank Again,microgaming,https://ocbslots.s3.amazonaws.com/140x140/break-da-bank-again.jpg
4628,927cb4b3,Cashapillar,microgaming,https://ocbslots.s3.amazonaws.com/140x140/cashapillar.jpg
4629,27bc1826,Cash Coaster,igt,https://ocbslots.s3.amazonaws.com/140x140/cash-coaster.jpg
4630,463408d5,Cash fruits plus,merkur,https://ocbslots.s3.amazonaws.com/140x140/cash-fruits-plus.jpg
4631,4f984c73,Cash Runner,greentube,https://ocbslots.s3.amazonaws.com/140x140/cash-runner.jpg
4633,cc2a8991,Cats,igt,https://ocbslots.s3.amazonaws.com/140x140/cats.jpg
4634,8e979d58,Champion of the track,netent,https://ocbslots.s3.amazonaws.com/140x140/champion-of-the-track.jpg
4635,3aa74bb0,Choy Sun Doa,aristocrat,https://ocbslots.s3.amazonaws.com/140x140/choy-sun-doa.jpg
4641,18a8e772,Colossus,quickspin,https://ocbslots.s3.amazonaws.com/140x140/colossus.jpg
4645,9fb26350,Cool Wolf,microgaming,https://ocbslots.s3.amazonaws.com/140x140/cool-wolf.jpg
4649,a3831d6c,Crazy Cars,wazdan,https://ocbslots.s3.amazonaws.com/140x140/crazy-cars.jpg
4651,9237515a,Crazy Monkey 2,igrosoft,https://ocbslots.s3.amazonaws.com/140x140/crazy-monkey-2.jpg
4661,9d3c5f8c,Dazzling Hot,egt,https://ocbslots.s3.amazonaws.com/140x140/dazzling-hot.jpg
4664,d37b56c6,Deck the Halls,microgaming,https://ocbslots.s3.amazonaws.com/140x140/deck-the-halls.jpg
4666,da2b9eeb,Demon Jack 27,wazdan,https://ocbslots.s3.amazonaws.com/140x140/demon-jack-27.jpg
4679,bb901fc8,Dolphin's Pearl classic,gaminator,https://ocbslots.s3.amazonaws.com/140x140/dolphins-pearl-classic.jpg
4680,f7d41102,Dolphin`s Pearl Classic,greentube,https://ocbslots.s3.amazonaws.com/140x140/dolphins-pearl-classic.jpg
4681,7c1440ac,Dolphin`s Pearl Deluxe,greentube,https://ocbslots.s3.amazonaws.com/140x140/dolphins-pearl-deluxe.jpg
4683,8ef414e1,Double Triple chance,merkur,https://ocbslots.s3.amazonaws.com/140x140/double-triple-chance.jpg
4689,baf8c399,Dragons Kingdom,amatic,https://ocbslots.s3.amazonaws.com/140x140/dragons-kingdom.jpg
4692,20ddfe09,Dragons Treasure,merkur,https://ocbslots.s3.amazonaws.com/140x140/dragons-treasure.jpg
4694,3309d137,Dream Date,microgaming,https://ocbslots.s3.amazonaws.com/140x140/dream-date.jpg
4696,56e5a179,Durian Dynamite,quickspin,https://ocbslots.s3.amazonaws.com/140x140/durian-dynamite.jpg
4697,64c8d39d,Dwarfs Gone Wild,quickspin,https://ocbslots.s3.amazonaws.com/140x140/dwarfs-gone-wild.jpg
4700,0f5278e9,Eastern Emeralds,quickspin,https://ocbslots.s3.amazonaws.com/140x140/eastern-emeralds.jpg
4709,8e22f28c,Extra Wild,merkur,https://ocbslots.s3.amazonaws.com/140x140/extra-wild.jpg
4710,7207f36b,Eye of Ra,amatic,https://ocbslots.s3.amazonaws.com/140x140/eye-of-ra.jpg
4715,66dbade0,Fenix Play,wazdan,https://ocbslots.s3.amazonaws.com/140x140/fenix-play.jpg
4716,66dbae20,Fenix Play 27,wazdan,https://ocbslots.s3.amazonaws.com/140x140/fenix-play-27.jpg
4720,84fc1f0d,Fire Opals,igt,https://ocbslots.s3.amazonaws.com/140x140/fire-opals.jpg
4731,36e49293,Fortune Spells,egt,https://ocbslots.s3.amazonaws.com/140x140/fortune-spells.jpg
4732,aec5dce3,FortuneTeller,netent,https://ocbslots.s3.amazonaws.com/140x140/fortuneteller.jpg
4745,ab0e6004,Game of Thrones,microgaming,https://ocbslots.s3.amazonaws.com/140x140/game-of-thrones.jpg
4746,69b53af3,Game of Thrones 243 Ways,microgaming,https://ocbslots.s3.amazonaws.com/140x140/game-of-thrones-243-ways.jpg
4749,67156fa8,Garden Party,igt,https://ocbslots.s3.amazonaws.com/140x140/garden-party.jpg
4759,9cccb902,Gold Cup,merkur,https://ocbslots.s3.amazonaws.com/140x140/gold-cup.jpg
4761,487290ee,Golden Book,amatic,https://ocbslots.s3.amazonaws.com/140x140/golden-book.jpg
4762,53875b6f,Golden Gate,merkur,https://ocbslots.s3.amazonaws.com/140x140/golden-gate.jpg
4764,5655dc77,Golden Sphinx,wazdan,https://ocbslots.s3.amazonaws.com/140x140/golden-sphinx.jpg
4775,c5eba010,Gryphons Gold classic,gaminator,https://ocbslots.s3.amazonaws.com/140x140/gryphons-gold-classic.jpg
4776,bf882e0f,Gryphon`s Gold Deluxe,greentube,https://ocbslots.s3.amazonaws.com/140x140/gryphons-gold-deluxe.jpg
4784,31b7a73e,Hidden Valley 2,quickspin,https://ocbslots.s3.amazonaws.com/140x140/hidden-valley-2.jpg
4785,f855f841,Highlander,microgaming,https://ocbslots.s3.amazonaws.com/140x140/highlander.jpg
4786,b108feaf,Highschool Manga,wazdan,https://ocbslots.s3.amazonaws.com/140x140/highschool-manga.jpg
4790,68e09f65,Hot 777,wazdan,https://ocbslots.s3.amazonaws.com/140x140/hot-777.jpg
4792,6533b20f,Hot City,netent,https://ocbslots.s3.amazonaws.com/140x140/hot-city.jpg
4801,8bd24418,Huangdi Yellow Emperor,microgaming,https://ocbslots.s3.amazonaws.com/140x140/huangdi-yellow-emperor.jpg
4802,66dbaf10,Hungry Shark,wazdan,https://ocbslots.s3.amazonaws.com/140x140/hungry-shark.jpg
4803,a0c90381,Hypno Hippo,greentube,https://ocbslots.s3.amazonaws.com/140x140/hypno-hippo.jpg
4805,bf793241,Illuminous,quickspin,https://ocbslots.s3.amazonaws.com/140x140/illuminous.jpg
4810,78321119,Isis,microgaming,https://ocbslots.s3.amazonaws.com/140x140/isis.jpg
4818,a9cc80a6,Jackpot Builders,wazdan,https://ocbslots.s3.amazonaws.com/140x140/jackpot-builders.jpg
4822,81c61f08,Jewels of the Sea,greentube,https://ocbslots.s3.amazonaws.com/140x140/jewels-of-the-sea.jpg
4829,ed19ab2d,Joker Strike,quickspin,https://ocbslots.s3.amazonaws.com/140x140/joker-strike.jpg
4831,35abdccb,Jungle Games,netent,https://ocbslots.s3.amazonaws.com/140x140/jungle-games.jpg
4836,c9a04262,Justice League,playtech,https://ocbslots.s3.amazonaws.com/140x140/justice-league.jpg
4842,82e471a9,Kings of Cash,microgaming,https://ocbslots.s3.amazonaws.com/140x140/kings-of-cash.jpg
4850,790d3386,Life of Riches,microgaming,https://ocbslots.s3.amazonaws.com/140x140/life-of-riches.jpg
4851,fdcb603f,Life of Riches,microgaming,https://ocbslots.s3.amazonaws.com/140x140/life-of-riches.jpg
4859,45b1cf25,Lovely Lady,amatic,https://ocbslots.s3.amazonaws.com/140x140/lovely-lady.jpg
4863,441d5980,Lucky Bells,amatic,https://ocbslots.s3.amazonaws.com/140x140/lucky-bells.jpg
4865,66dbafd0,Lucky Fortune,wazdan,https://ocbslots.s3.amazonaws.com/140x140/lucky-fortune.jpg
4872,172b803c,Lucky Queen,wazdan,https://ocbslots.s3.amazonaws.com/140x140/lucky-queen.jpg
4878,bc23f0de,Magic Fruits,wazdan,https://ocbslots.s3.amazonaws.com/140x140/magic-fruits.jpg
4879,66dbb040,Magic Fruits 27,wazdan,https://ocbslots.s3.amazonaws.com/140x140/magic-fruits-27.jpg
4880,63704f89,Magic Fruits 81,wazdan,https://ocbslots.s3.amazonaws.com/140x140/magic-fruits-81.jpg
4881,66dbb0c0,Magic Hot,wazdan,https://ocbslots.s3.amazonaws.com/140x140/magic-hot.jpg
4886,66dbb140,Magic of the Ring,wazdan,https://ocbslots.s3.amazonaws.com/140x140/magic-of-the-ring.jpg
4890,16b8c70d,Magic Target,wazdan,https://ocbslots.s3.amazonaws.com/140x140/magic-target.jpg
4891,66dbb1b0,Magic Target Deluxe,wazdan,https://ocbslots.s3.amazonaws.com/140x140/magic-target-deluxe.jpg
4896,27c939aa,Master of Mystery,netent,https://ocbslots.s3.amazonaws.com/140x140/master-of-mystery.jpg
4898,cb17d76b,Mayan Moons,greentube,https://ocbslots.s3.amazonaws.com/140x140/mayan-moons.jpg
4900,b5c4a558,Mayan Riches,igt,https://ocbslots.s3.amazonaws.com/140x140/mayan-riches.jpg
4903,026c8502,Mermaids Millions,microgaming,https://ocbslots.s3.amazonaws.com/140x140/mermaids-millions.jpg
4908,aa51328a,Miss Kitty,aristocrat,https://ocbslots.s3.amazonaws.com/140x140/miss-kitty.jpg
4917,aab972b5,Mystery at the Mansion,netent,https://ocbslots.s3.amazonaws.com/140x140/mystery-at-the-mansion.jpg
4920,19f036a6,Mystic Secrets,greentube,https://ocbslots.s3.amazonaws.com/140x140/mystic-secrets.jpg
4929,fc4efbfe,Northern Sky,quickspin,https://ocbslots.s3.amazonaws.com/140x140/northern-sky.jpg
4931,e38fd5ce,Ocean Tale,greentube,https://ocbslots.s3.amazonaws.com/140x140/ocean-tale.jpg
4934,476021b3,Olympus Glory,egt,https://ocbslots.s3.amazonaws.com/140x140/olympus-glory.jpg
4941,da2bffcd,Party Time,amatic,https://ocbslots.s3.amazonaws.com/140x140/party-time.jpg
4946,7a43a927,Pharaons Gold 2 classic,gaminator,https://ocbslots.s3.amazonaws.com/140x140/pharaons-gold-2-classic.jpg
4948,c785de89,Pied Piper,quickspin,https://ocbslots.s3.amazonaws.com/140x140/pied-piper.jpg
4953,3f4ab6c9,Pistoleras,microgaming,https://ocbslots.s3.amazonaws.com/140x140/pistoleras.jpg
4961,a4382eef,Queen of Hearts classic,gaminator,https://ocbslots.s3.amazonaws.com/140x140/queen-of-hearts-classic.jpg
4963,9ce9d606,Queen of the Nile 2,aristocrat,https://ocbslots.s3.amazonaws.com/140x140/queen-of-the-nile-2.jpg
4982,68ed6c7f,Riches of India,gaminator,https://ocbslots.s3.amazonaws.com/140x140/riches-of-india.jpg
4995,66b6a26f,Sakura Fortune,quickspin,https://ocbslots.s3.amazonaws.com/140x140/sakura-fortune.jpg
5005,2361b349,Secret Elixir,greentube,https://ocbslots.s3.amazonaws.com/140x140/secret-elixir.jpg
5010,91471dc0,Serengeti Heat,greentube,https://ocbslots.s3.amazonaws.com/140x140/serengeti-heat.jpg
5012,0313c098,Sevens High,quickspin,https://ocbslots.s3.amazonaws.com/140x140/sevens-high.jpg
5026,1398db44,Sizzling Hot 6 Extra Gold,greentube,https://ocbslots.s3.amazonaws.com/140x140/sizzling-hot-6-extra-gold.jpg
5027,e120e410,Sizzling Hot classic,gaminator,https://ocbslots.s3.amazonaws.com/140x140/sizzling-hot-classic.jpg
5031,b6ec0af5,South Park,netent,https://ocbslots.s3.amazonaws.com/140x140/south-park.jpg
5037,c64e7216,Spinions Beach Party,quickspin,https://ocbslots.s3.amazonaws.com/140x140/spinions-beach-party.jpg
5046,daceb9a2,Sticky Bandits,quickspin,https://ocbslots.s3.amazonaws.com/140x140/sticky-bandits.jpg
5054,e3614171,Super 7 Reels,merkur,https://ocbslots.s3.amazonaws.com/140x140/super-7-reels.jpg
5056,1ee981aa,Super Hot,wazdan,https://ocbslots.s3.amazonaws.com/140x140/super-hot.jpg
5065,4a9f0e0a,Tales of Doctor Dolittle,quickspin,https://ocbslots.s3.amazonaws.com/140x140/tales-of-doctor-dolittle.jpg
5068,4f8e0f0f,Temple of Nudges,netent,https://ocbslots.s3.amazonaws.com/140x140/temple-of-nudges.jpg
5078,e39899e0,The Money Game classic,gaminator,https://ocbslots.s3.amazonaws.com/140x140/the-money-game-classic.jpg
5087,52f14686,Thunderfist,netent,https://ocbslots.s3.amazonaws.com/140x140/thunderfist.jpg
5088,b0ec4cb5,Thunderstruck,microgaming,https://ocbslots.s3.amazonaws.com/140x140/thunderstruck.jpg
5089,8d6b8bc8,Thunderstruck II,microgaming,https://ocbslots.s3.amazonaws.com/140x140/thunderstruck-ii.jpg
5103,a7955625,Werewolf Wild,aristocrat,https://ocbslots.s3.amazonaws.com/140x140/werewolf-wild.jpg