96,Red Tiger,Dragons Luck,1100001,slots
129,Red Tiger,Dragons Luck Power Reels,1100002,slots
136,Red Tiger,10001 Nights,1100003,slots
134,Red Tiger,Pirates Plenty Battle for Gold,1100004,slots
147,Red Tiger,God Of Wealth,1100005,slots
140,Red Tiger,Chinese Treasures,1100006,slots
130,Red Tiger,Fortune House,1100007,slots
131,Red Tiger,Dragons Fire,1100008,slots
132,Red Tiger,Magic Gate,1100009,slots
133,Red Tiger,Lucky Fortune Cat,1100010,slots
135,Red Tiger,Dragons Luck Deluxe,1100011,slots
137,Red Tiger,Epic Journey,1100012,slots
138,Red Tiger,Golden Temple,1100013,slots
139,Red Tiger,Phoenix Fire Power Reels,1100014,slots
141,Red Tiger,Pirates Plenty,1100015,slots
142,Red Tiger,Golden Offer,1100016,slots
143,Red Tiger,RAs Legend,1100017,slots
145,Red Tiger,Rainbow Jackpots,1100019,slots
146,Red Tiger,Mega Pyramid,1100020,slots
302,NetEnt,Parthenon Quest For Immortality,1100025,slots
171,Red Tiger,War Of Gods,1100030,slots
148,Red Tiger,777 Strike,1100031,slots
174,NetEnt,Aloha Christmas,1100032,slots
175,NetEnt,Aloha Cluster Pays,1100033,slots
149,Red Tiger,Ancients Blessing,1100034,slots
150,Red Tiger,Aurum Codex,1100035,slots
151,Red Tiger,Betty,Boris and Boo,1100037,slots
209,NetEnt,Wild Wild West: The Great Train Heist,1100038,slots
208,NetEnt,Twin Spin Megaways,1100039,slots
206,NetEnt,Turn Your Fortune,1100041,slots
204,NetEnt,Steam Tower,1100043,slots
173,Red Tiger,Zeus Lightning Power Reels,1100044,slots
172,Red Tiger,Wings of Ra,1100045,slots
169,Red Tiger,Treasure Mine,1100048,slots
168,Red Tiger,Thors Vengeance,1100049,slots
167,Red Tiger,Regal Streak,1100050,slots
166,Red Tiger,Regal Beasts,1100051,slots
165,Red Tiger,Reel King Mega,1100052,slots
164,Red Tiger,Reel Keeper,1100053,slots
163,Red Tiger,Rainbow Jackpots Power Lines,1100055,slots
161,Red Tiger,Mystery Reels,1100061,slots
160,Red Tiger,Jingle Bells,1100065,slots
159,Red Tiger,Jack in a Pot,1100066,slots
158,Red Tiger,Five Star,1100068,slots
152,Red Tiger,Bounty Raid,1100069,slots
153,Red Tiger,Cash Ultimate,1100070,slots
154,Red Tiger,Cash Volt,1100071,slots
155,Red Tiger,Diamond Blitz,1100072,slots
157,Red Tiger,Dynamite Riches,1100073,slots
156,Red Tiger,Dragons Fire Megaways,1100074,slots
202,NetEnt,Rome: The Golden Age,1100075,slots
201,NetEnt,Reel Rush,1100076,slots
176,NetEnt,Blood Suckers,1100077,slots
200,NetEnt,Pyramid: Quest for Immortality,1100078,slots
177,NetEnt,Butterfly Staxx,1100079,slots
178,NetEnt,Dark King: Forbidden Riches,1100081,slots
194,NetEnt,Jingle Spin,1100082,slots
179,NetEnt,Dazzle Me,1100083,slots
192,NetEnt,Jack Hammer,1100084,slots
180,NetEnt,Dead or Alive,1100085,slots
191,NetEnt,Jack and the Beanstalk,1100086,slots
181,NetEnt,Dead or Alive 2,1100087,slots
189,NetEnt,Gorilla Kingdom,1100088,slots
182,NetEnt,Divine Fortune Megaways,1100089,slots
183,NetEnt,Elements: The Awakening,1100091,slots
184,NetEnt,Finn and the Swirly Spin,1100093,slots
186,NetEnt,Fruit Shop Megaways,1100094,slots
185,NetEnt,Fruit Shop,1100095,slots
212,NetEnt,Asgardian Stones,1100096,slots
213,NetEnt,Blood Suckers 2,1100097,slots
214,NetEnt,Butterfly Staxx 2,1100098,slots
215,NetEnt,Dazzle Me Megaways,1100099,slots
216,NetEnt,Dead or Alive 2 Feature Buy,1100100,slots
217,NetEnt,Double Stacks,1100101,slots
218,NetEnt,Fairytale Legends: Red Riding Hood,1100102,slots
219,NetEnt,Flowers,1100103,slots
220,NetEnt,Fruit Shop Christmas Edition,1100104,slots
221,NetEnt,Finn`s Golden Tavern,1100105,slots
222,NetEnt,Secrets of Atlantis,1100106,slots
223,NetEnt,Hotline,1100107,slots
224,NetEnt,Hotline 2,1100108,slots
226,NetEnt,Irish Pot Luck,1100110,slots
227,NetEnt,Jack Hammer 2: Fishy Business,1100111,slots
228,NetEnt,Fruit Spin,1100112,slots
229,NetEnt,Jungle Spirit: Call of the Wild,1100113,slots
230,NetEnt,Koi Princess,1100114,slots
231,NetEnt,Drive Multiplier Mayhem,1100115,slots
232,NetEnt,Rage of the Seas,1100116,slots
233,NetEnt,Riches of Midgard: Land and Expand,1100117,slots
234,NetEnt,Scruffy Duck,1100118,slots
235,NetEnt,Secret of the Stones,1100119,slots
236,NetEnt,Secrets of Christmas,1100120,slots
237,NetEnt,Serengeti Kings,1100121,slots
238,NetEnt,Space Wars,1100122,slots
239,NetEnt,Victorious,1100123,slots
241,NetEnt,Warlords: Crystal of Power,1100125,slots
242,NetEnt,Wild Water,1100126,slots
243,NetEnt,Wild Worlds,1100127,slots
244,NetEnt,Willy`s Hot Chillies,1100128,slots
245,Red Tiger,4 Squad,1100129,slots
246,Red Tiger,5 Families,1100130,slots
247,Red Tiger,Agent Royale,1100131,slots
248,Red Tiger,Arcade Bomb,1100132,slots
249,Red Tiger,Atlantis,1100133,slots
250,Red Tiger,Aztec Spins,1100134,slots
251,Red Tiger,Cinderella`s Ball,1100135,slots
252,Red Tiger,Cirque de la Fortune,1100136,slots
253,Red Tiger,Clash of the Beasts,1100137,slots
254,Red Tiger,Crazy Genie,1100138,slots
255,Red Tiger,Crystal Mirror,1100139,slots
256,Red Tiger,Da Vinci`s Mystery,1100140,slots
257,Red Tiger,Devil`s Number,1100141,slots
258,Red Tiger,Dice Dice Dice,1100142,slots
260,Red Tiger,Five Stars Power Reels,1100144,slots
261,Red Tiger,Gems Gone Wild,1100145,slots
262,Red Tiger,Gems Gone Wild Power Reels,1100146,slots
263,Red Tiger,Golden Cryptex,1100147,slots
264,Red Tiger,Golden Leprechaun Megaways,1100148,slots
265,Red Tiger,Golden Tsar,1100149,slots
266,Red Tiger,Grand Wheel,1100150,slots
267,Red Tiger,Hoard of Poseidon,1100151,slots
268,Red Tiger,Jewel Scarabs,1100152,slots
269,Red Tiger,Jingle Bells Power Reels,1100153,slots
270,Red Tiger,Legend of Athena,1100154,slots
271,Red Tiger,Lucky Halloween,1100155,slots
272,Red Tiger,Lucky Little Devil,1100156,slots
273,Red Tiger,Lucky Valentine,1100157,slots
274,Red Tiger,Lucky Wizard,1100158,slots
275,Red Tiger,Masquerade,1100159,slots
276,Red Tiger,Mayan Gods,1100160,slots
277,Red Tiger,Mega Dragon,1100161,slots
278,Red Tiger,Mega Jade,1100162,slots
279,Red Tiger,Mega Rise,1100163,slots
280,Red Tiger,Multiplier Riches,1100164,slots
281,Red Tiger,Mystery Reels Megaways,1100165,slots
282,Red Tiger,Ninja Ways,1100166,slots
283,Red Tiger,Path of Destiny,1100167,slots
284,Red Tiger,Persian Fortune,1100168,slots
285,Red Tiger,Reel Heist,1100169,slots
286,Red Tiger,Robin Hood`s Wild Forest,1100170,slots
287,Red Tiger,Snow Wild And The 7 Features,1100171,slots
288,Red Tiger,Sylvan Spirits,1100172,slots
289,Red Tiger,The Greatest Train Robbery,1100173,slots
290,Red Tiger,The Wild Hatter,1100174,slots
291,Red Tiger,Thor`s Lightning,1100175,slots
292,Red Tiger,Tiki Fruits,1100176,slots
293,Red Tiger,Totem Lightning,1100177,slots
294,Red Tiger,Vault Cracker,1100178,slots
295,Red Tiger,Vault of Anubis,1100179,slots
296,Red Tiger,Well of Wishes,1100180,slots
297,Red Tiger,Wild Cats Multiline,1100181,slots
298,Red Tiger,Wild O`Clock,1100182,slots
299,Red Tiger,Wild Wild Chest,1100183,slots
300,Red Tiger,Win Escalator,1100184,slots
301,Red Tiger,Yucatan`s Mystery,1100185,slots
306,NetEnt,Cash-o-Matic,1100187,slots
305,NetEnt,Cash Noire,1100186,slots
307,NetEnt,Codex of Fortune,1100188,slots
309,NetEnt,Disco Danny,1100190,slots
312,NetEnt,Druids Dream,1100193,slots
313,NetEnt,EggOMatic,1100194,slots
314,NetEnt,Excalibur,1100195,slots
315,NetEnt,Fairytale Legends: Hansel and Gretel,1100196,slots
316,NetEnt,Fairytale Legends: Mirror Mirror,1100197,slots
317,NetEnt,Football: Champions Cup,1100198,slots
318,NetEnt,Gods Of Gold: InfiniReels,1100199,slots
319,NetEnt,Grand Spinn,1100200,slots
321,NetEnt,Halloween Jack,1100202,slots
322,NetEnt,Jackpot 6000,1100203,slots
323,NetEnt,Joker Pro,1100204,slots
324,NetEnt,King of Slots,1100205,slots
325,NetEnt,Lights,1100206,slots
326,NetEnt,Lost Relics,1100207,slots
327,NetEnt,Magic Maid Cafe,1100208,slots
330,NetEnt,Mythic Maiden,1100211,slots
331,NetEnt,Neon Staxx,1100212,slots
332,NetEnt,Oceans Treasure,1100213,slots
333,NetEnt,Reef Raider,1100214,slots
334,NetEnt,Reel Steal,1100215,slots
335,NetEnt,Rise of Maya,1100216,slots
337,NetEnt,Spinata Grande,1100218,slots
338,NetEnt,Starburst XXXtreme,1100219,slots
339,NetEnt,Super Striker,1100220,slots
340,NetEnt,Sweety Honey Fruity,1100221,slots
341,NetEnt,The Legend of Shangri-La: Cluster Pays,1100222,slots
342,NetEnt,The Wolfs Bane,1100223,slots
343,NetEnt,Trollpot 5000,1100224,slots
345,NetEnt,Wild Bazaar,1100226,slots
346,NetEnt,Wilderland,1100227,slots
347,NetEnt,Wings of Riches,1100228,slots
348,NetEnt,Wolf Cub,1100229,slots
349,Red Tiger,24 Hour Grand Prix,1100230,slots
350,Red Tiger,Ancient Script,1100231,slots
351,Red Tiger,Blue Diamond,1100232,slots
352,Red Tiger,Bombuster,1100233,slots
353,Red Tiger,Divine Ways,1100234,slots
354,Red Tiger,Dragons Fire Infinireels,1100235,slots
355,Red Tiger,Eagle Riches,1100236,slots
356,Red Tiger,Elven Magic,1100237,slots
357,Red Tiger,Emerald Diamond,1100238,slots
358,Red Tiger,Esqueleto Mariachi,1100239,slots
359,Red Tiger,Flaming Fox,1100240,slots
360,Red Tiger,Fortune Charm,1100241,slots
361,Red Tiger,Fortune Fest,1100242,slots
362,Red Tiger,Fruit Blox,1100243,slots
363,Red Tiger,Fruit Snap,1100244,slots
364,Red Tiger,Gemtastic,1100245,slots
365,Red Tiger,Gold Star,1100246,slots
366,Red Tiger,Golden Lotus,1100247,slots
367,Red Tiger,Imperial Palace,1100248,slots
368,Red Tiger,Jackpot Quest,1100249,slots
369,Red Tiger,Jade Charms,1100250,slots
370,Red Tiger,Jester Spins,1100251,slots
371,Red Tiger,Laser Fruit,1100252,slots
372,Red Tiger,Legendary Excalibur,1100253,slots
373,Red Tiger,Lion Dance,1100254,slots
374,Red Tiger,Lucky Easter,1100255,slots
375,Red Tiger,Lucky Fridays,1100256,slots
376,Red Tiger,Lucky Oktoberfest,1100257,slots
377,Red Tiger,Midas Gold,1100258,slots
378,Red Tiger,Mystery Reels Power Reels,1100259,slots
379,Red Tiger,Mystic Wheel,1100260,slots
380,Red Tiger,Ocean Fortune,1100261,slots
381,Red Tiger,Phoenix,1100262,slots
382,Red Tiger,Piggy Pirates,1100263,slots
383,Red Tiger,Puss N Boots,1100264,slots
384,Red Tiger,Reactor,1100265,slots
385,Red Tiger,Red Diamond,1100266,slots
386,Red Tiger,Riddle Of The Sphinx,1100267,slots
387,Red Tiger,Rio Stars,1100268,slots
388,Red Tiger,Rocket Men,1100269,slots
389,Red Tiger,Royal Gems,1100270,slots
390,Red Tiger,Spin Town,1100271,slots
391,Red Tiger,Stage 888,1100272,slots
392,Red Tiger,Sumo Spins,1100273,slots
393,Red Tiger,Ten Elements,1100274,slots
394,Red Tiger,The Equalizer,1100275,slots
395,Red Tiger,Three Kingdoms,1100276,slots
396,Red Tiger,Three Musketeers,1100277,slots
397,Red Tiger,Totem Lightning Power Reels,1100278,slots
398,Red Tiger,Vicky Ventura,1100279,slots
399,Red Tiger,Wild Circus,1100280,slots
400,Red Tiger,Wild Elements,1100281,slots
401,Red Tiger,Wild Fight,1100282,slots
402,Red Tiger,Wild Nords,1100283,slots
403,Red Tiger,Wild Spartans,1100284,slots
404,Red Tiger,Winter Wonders,1100285,slots
415,NetEnt,Fruit Blaze_F1_R3,1100286,slots
416,NetEnt,Gonzos Gold_R3,1100287,slots
417,NetEnt,Temple of Nudges,1100288,slots
418,NetEnt,Silverback Gold,1100289,slots
420,NetEnt,Funk Master,1100291,slots
421,NetEnt,Space Wars 2: Powerpoints,1100292,slots
422,NetEnt,Golden Grimoire,1100293,slots
423,NetEnt,Reel Rush 2,1100294,slots
424,NetEnt,Spinsane,1100295,slots
425,NetEnt,Bee Hive Bonanza,1100296,slots
426,NetEnt,Cornelius_F1,1100297,slots
427,NetEnt,Superstars_F1,1100298,slots
428,NetEnt,Milkshake XXXtreme_R96_F1,1100299,slots
429,NetEnt,Wonders of Christmas_F0,1100300,slots
430,NetEnt,Cupcakes_F1,1100301,slots
431,NetEnt,Berryburst,1100302,slots
434,NetEnt,Ghost Pirates,1100305,slots
435,NetEnt,Coins of Egypt,1100306,slots
436,NetEnt,Wild Turkey,1100307,slots
437,NetEnt,Santa vs Rudolf,1100308,slots
438,NetEnt,Fruit Case,1100309,slots
439,NetEnt,Long Pao,1100310,slots
440,NetEnt,Twin Happiness,1100311,slots
441,NetEnt,Stickers,1100312,slots
442,NetEnt,Archangels Salvation,1100313,slots
443,NetEnt,Wild-O-Tron 3000,1100314,slots
444,NetEnt,King of 3 Kingdoms,1100315,slots
445,NetEnt,Robin Hood: Shifting Riches,1100316,slots
446,NetEnt,Whos the Bride,1100317,slots
447,NetEnt,Arcane: Reel Chaos,1100318,slots
448,NetEnt,Happy Riches,1100319,slots
449,NetEnt,Strolling Staxx: Cubic Fruits,1100320,slots
450,NetEnt,East Sea Dragon King,1100321,slots
472,Red Tiger,10,001 Nights Megaways,1100322,slots
473,Red Tiger,1942 Sky Warrior,1100323,slots
474,Red Tiger,80s Spins,1100324,slots
475,Red Tiger,Age Of Akkadia,1100325,slots
476,Red Tiger,Ali Babas Luck,1100326,slots
477,Red Tiger,Ali Babas Luck Megaways,1100327,slots
478,Red Tiger,Ali Babas Luck Power Reels,1100328,slots
479,Red Tiger,Amazon Island Megaways,1100329,slots
480,Red Tiger,Ancient Disco,1100330,slots
481,Red Tiger,Apache Way,1100331,slots
482,Red Tiger,Asian Fortune,1100332,slots
483,Red Tiger,Athens Megaways,1100333,slots
484,Red Tiger,Bass Boss,1100334,slots
485,Red Tiger,Beriched,1100335,slots
487,Red Tiger,Blazing Clusters,1100337,slots
488,Red Tiger,Blobsters Clusterbuster,1100338,slots
489,Red Tiger,Blood Suckers MegaWays,1100339,slots
490,Red Tiger,Buffalo Mania Megaways,1100340,slots
491,Red Tiger,Bulls Run Wild,1100341,slots
492,Red Tiger,Cai Shen 168,1100342,slots
493,Red Tiger,Cake And Ice Cream,1100343,slots
494,Red Tiger,Cash Or Nothing,1100344,slots
495,Red Tiger,Casino Spin,1100345,slots
496,Red Tiger,Chinese Wilds,1100346,slots
497,Red Tiger,Cobra Queen,1100347,slots
498,Red Tiger,Diamond Royale,1100348,slots
499,Red Tiger,Doggy Riches Megaways,1100349,slots
500,Red Tiger,Dracula Awakening,1100350,slots
501,Red Tiger,Dragon King: Legend Of The Seas,1100351,slots
502,Red Tiger,Dragon Pearl,1100352,slots
503,Red Tiger,Dragons Clusterbuster,1100353,slots
504,Red Tiger,Dream Destiny,1100355,slots
506,Red Tiger,Elephant Treasure,1100357,slots
507,Red Tiger,Epic Treasure,1100358,slots
508,Red Tiger,Fa Fa Babies,1100359,slots
510,Red Tiger,Forever 7s,1100361,slots
511,Red Tiger,Fortune House Power Reels,1100362,slots
512,Red Tiger,Genie Nights,1100363,slots
513,Red Tiger,Get The Gold InfiniReels,1100364,slots
514,Red Tiger,Gods Of Troy,1100365,slots
515,Red Tiger,Golden Lamps,1100366,slots
516,Red Tiger,Golden Toad,1100367,slots
517,Red Tiger,Gonzitas Quest,1100368,slots
518,Red Tiger,Good Luck Clusterbuster,1100369,slots
519,Red Tiger,Great Gold,1100370,slots
520,Red Tiger,Hammer Gods,1100371,slots
521,Red Tiger,Happy Apples,1100372,slots
522,Red Tiger,Harle Coin,1100373,slots
523,Red Tiger,Hot Hot Chilli Pot,1100374,slots
524,Red Tiger,Hustling,1100375,slots
525,Red Tiger,In The Rabbit Hole,1100376,slots
526,Red Tiger,Jingle Ways Megaways,1100377,slots
527,Red Tiger,Last Chance Saloon,1100378,slots
528,Red Tiger,Leprechauns Magic,1100379,slots
529,Red Tiger,Leprechauns Magic Megaways,1100380,slots
530,Red Tiger,Leprechauns Magic Power Reels,1100381,slots
531,Red Tiger,Lions Hoard,1100382,slots
532,Red Tiger,Lucky Carnival,1100383,slots
533,Red Tiger,Macau Racing,1100384,slots
534,Red Tiger,Majestic Mysteries Power Reels,1100385,slots
535,Red Tiger,Mayhem,1100386,slots
536,Red Tiger,Mystery Reels Deluxe,1100387,slots
537,Red Tiger,Mystic Staxx,1100388,slots
539,Red Tiger,Neon Links,1100390,slots
540,Red Tiger,NFT Megaways,1100391,slots
541,Red Tiger,Night roller,1100392,slots
542,Red Tiger,Peggy Sweets,1100393,slots
543,Red Tiger,Pinatas and Ponies,1100394,slots
544,Red Tiger,Pirates Plenty MegaWays,1100395,slots
545,Red Tiger,Primate King,1100396,slots
546,Red Tiger,Red Hot Slot,1100397,slots
547,Red Tiger,Reptizillions Power Reels,1100398,slots
548,Red Tiger,Risque Megaways,1100399,slots
549,Red Tiger,RocknLock,1100400,slots
550,Red Tiger,Santa Spins,1100401,slots
551,Red Tiger,Shadow Society,1100402,slots
552,Red Tiger,Shah Mat,1100403,slots
553,Red Tiger,Stolen Treasures,1100404,slots
554,Red Tiger,Supremo Fortunes Megaways,1100405,slots
555,Red Tiger,The Wisecracker Lightning,1100406,slots
557,Red Tiger,Tiki Fruits Totem Frenzy,1100408,slots
558,Red Tiger,Transylvania: Night Of Blood,1100409,slots
559,Red Tiger,Treasure Mine Power Reels,1100410,slots
560,Red Tiger,Tricks and Treats,1100411,slots
561,Red Tiger,Viral Spiral,1100412,slots
562,Red Tiger,Well of Wilds Megaways,1100413,slots
563,Red Tiger,What the Fox MegaWays,1100414,slots
564,Red Tiger,Wild Expedition,1100415,slots
565,Red Tiger,Wild Hot Chilli Reels,1100416,slots
566,Red Tiger,Wild Tundra,1100417,slots
567,Red Tiger,Zaidas Fortune,1100418,slots
568,Red Tiger,Zillard King,1100419,slots
116,Ezugi,Monopoly Live,10000096,lives
