555,diamondhunt,Diamond Hunt,slots
553,undiademuertos,Un Dia De Muertos,slots
552,littlewitchy,Little Witchy,slots
551,wildjustice,Wild Justice,slots
550,leprechauns, Leprechauns Coins,slots
549,bamboogrove,Bamboo Grove,slots
547,guisesofdracula,Guises of Dracula,slots
548,mightofzeus,Might of Zeus,slots
546,thousandonespins,1001 Spins,slots
544,lordofthesun,Lord of the Sun,slots
545,hotfruits,7 & Hot Fruits,slots
540,wealthofwisdom,Wealth of Wisdom,slots
543,hawaiiannight,Hawaiian Night,slots
542,santasbag,Santas Bag,slots
541,royallotus,Royal Lotus,slots
539,chillifiesta,Chilli Fiesta,slots
538,dynastywarriors,Dynasty Warriors,slots
536,wildspin,Wild Spin,slots
537,dajidali,Da Ji Da Li,slots
535,theancientfour,The Ancient Four,slots
533,dragonselement, Dragons Element,slots
534,caishensgifts,Caishens Gifts,slots
532,piratesmap,Pirates Map,slots
531,jackpotlab,Jackpot Lab,slots
529,azteccoins,Aztec Coins,slots
530,chinesetigers,Chinese Tigers,slots
528,rhinomania,Rhino Mania,slots
526,webbyheroes,Webby Heroes,slots
527,luckycat,Lucky Cat,slots
554,frozenmirror,Frozen Mirror,slots
492,pharaohsempire,Pharaohs Empire,slots
491,bisontrail,Bison Trail,slots
485,jadevalley,Jade Valley,slots
488,neonclassic,Neon Classic,slots
452,powerofposeidon,Power of Poseidon,slots
486,greatocean,Great Ocean,slots
450,megadrago,Mega Drago,slots
442,legendofatlantis,Legend of Atlantis,slots
448,aztectemple,Aztec Temple,slots
465,bookofegypt,Book of Egypt,slots
444,tripledragon,Triple Dragon,slots
477,cinderella,Cinderella,slots
425,crystalsevens,Crystal Sevens,slots
476,loveis,Love is,slots
475,luckymoney,Lucky Money,slots
480,monkeysjourney,Monkeys Journey,slots
469,sakurawind,Sakura Wind,slots
446,magicalmirror,Magical Mirror,slots
483,powerofgods,Power of Gods,slots
386,cleosgold,Cleos Gold,slots
392,fieryplanet,Fiery Planet,slots
395,jewelbang,Jewel Bang,slots
401,princessofbirds,Princess of Birds,slots
400,fairyforest,Fairy Forest,slots
426,safariadventures,Safari Adventures,slots
409,crocoman,Crocoman,slots
428,juicyspins,Juicy Spins,slots
424,fruitysevens,Fruity Sevens,slots
423,junglespin,Jungle Spin,slots
417,arabiantales,Arabian Tales,slots
393,mistressofamazon,Mistress of Amazon,slots
394,magicalwolf,Magical Wolf,slots
429,richywitchy,Richy Witchy,slots
427,luckydolphin,Lucky Dolphin,slots
443,crazyjelly,Crazy Jelly,slots
110,rouletteeuropean,European Roulette,table
490,baccaratvip,Baccarat VIP,table
99,baccarat,Baccarat PRO,table
489,baccaratmini,Baccarat Mini,table
93,blackjack,Blackjack,table
487,blackjackvip,Blackjack Vip,table
556,jokerchase,Joker Chase,slots 
557,poshcats,Posh Cats,slots
559,piedradelsol,Piedra Del Sol,slots
560,ninedragonkings,9 Dragon Kings,slots
561,ninegems,9 Gems,slots
563,waysofthegauls,Ways of the Gauls,slots
564,wildcrowns,Wild Crowns,slots
565,pearlsoftheocean,Pearls of the ocean,slots
566,bonusdeuceswild,Bonus Deuces Wild,slots
567,bookoflight,Book of Light,slots
568,extragems,Extra gems,slots
569,coinfest,Coinfest,slots
570,hallowin,Hallowin,slots 
571,xmasavalanche,Xmas Avalanche,slots 
572,fruitboost,Fruit Boost,slots
573,booksofgiza,Book of Giza,slots
574,thebigscore,The Big Score,slots
575,catchtheleprechaun,Catch the leprechaun,slots
576,pirateslegacy,Pirates Legacy,slots
577,acesandfaces,Aces and Faces,slots
578,wildspindeluxe,Wild Spin Deluxe,slots
580,twowaysroyal,2 Ways Royal,slots
582,missgypsy,Miss Gypsy,slots
583,thorturbopower,Thor Turbo Power,slots
585,dragonselementdeluxe,Dragons Element Deluxe,slots
586,wizardofthewild,Wizard of the wild,slots
592,coincharge,Coin Charge




