100_joker_staxx,100-joker-staxx,https://playson.com/media/cache/game/uploads/games/cropped/47a33338d353cd505cb3ee1418c0a1a09bf3f0cf.png
3_fruits_win_10,3-fruits-win-10-lines,https://playson.com/media/cache/game/uploads/games/cropped/5a77447681469944704ac3ad5fc21a49da38874f.jpg
3_fruits_win_double_hit,3-fruits-win-double-hit,https://playson.com/media/cache/game/uploads/games/cropped/104ee93586ccdbae1ec030a02f74eed2c1eef664.png
40_joker_staxx,40-joker-staxx,https://playson.com/media/cache/game/uploads/games/cropped/a78cb240342e72627b7ffbed4efb03d12f354486.jpg
5_fortunator,5-fortunator,https://playson.com/media/cache/game/uploads/games/cropped/7c91df6ecb79cc1b60445944813ab6715875e9e0.png
5_super_sevens_n_fruits,5-super-sevens-fruits,https://playson.com/media/cache/game/uploads/games/cropped/9a51b6ec534eff003e56ae6182851179c541572a.png
5_super_sevens_n_fruits_6r,5-super-sevens-fruits-6-reels,https://playson.com/media/cache/game/uploads/games/cropped/b8a3a1be47d9e3ae3a14d330a104c60c1aaddb23.png
9_happy_pharaohs,9-happy-pharaohs,https://playson.com/media/cache/game/uploads/games/cropped/3170e30e5170934ded95ba8fba0bbb16c4b6ec7d.png
blackjack_us,blackjack,https://playson.com/media/cache/game/uploads/games/cropped/fd1c2792f484779896d6382a7a5bfb7bcbf8c6eb.png
book_of_gold_dh,book-of-gold-2-double-hit,https://playson.com/media/cache/game/uploads/games/cropped/c64ea4907ccd99e56b5056fa4855d9ed36cbcff1.png
book_of_gold_classic,book-of-gold-classic,https://playson.com/media/cache/game/uploads/games/cropped/cd149e9b45aa4ce1c9dcbedde297af173286fab9.png
book_of_gold,book-of-gold-double-chance,https://playson.com/media/cache/game/uploads/games/cropped/e6d44e95c78008b8b29a74f2ccf9a19bfda3487e.png
book_of_gold_multichance,book-of-gold-multichance,https://playson.com/media/cache/game/uploads/games/cropped/341c6f4c4015695847ab4da4c8bd8feed4c925b5.png
book_of_gold_choice,book-of-gold-symbol-choice,https://playson.com/media/cache/game/uploads/games/cropped/249c95f48defe816bce01451dba8b855c1a1265d.png
buffalo_power,buffalo-power-hold-and-win,https://playson.com/media/cache/game/uploads/games/cropped/81dd0a8e92e1e6c73c02af50e2e356d702c49a08.png
buffalo_megaways,buffalo-power-megaways,https://playson.com/media/cache/game/uploads/games/cropped/eda7b98bb274c7f24b368182da33db97a0ad24ee.png
buffalo_xmas,buffalo-power-christmas,https://playson.com/media/cache/game/uploads/games/cropped/8980d10ab004383a77940fc86b7cddd690ec16af.png
burning_wins,burning-wins-classic-5-lines,https://playson.com/media/cache/game/uploads/games/cropped/8098e8c7092bd05c069771917699fe6458cea66e.png
burning_wins_x2,burning-wins-x2,https://playson.com/media/cache/game/uploads/games/cropped/5173cf01d6e6436b3ae40a53d59de3ae67139703.png
clover_riches,clover-riches,https://playson.com/media/cache/game/uploads/games/cropped/9d7b3de1b8e66e290e2336de6098f197773343d4.png
crystal_land,crystal-land,https://playson.com/media/cache/game/uploads/games/cropped/cffaa76e52e8883407d9e503f086ed420f9e74d4.jpg
diamond_fort,diamond-fortunator-hold-and-win,https://playson.com/media/cache/game/uploads/games/cropped/ff3c49073d061be57ae5dc0ba7b262b42b89c986.png
diamond_wins,diamond-wins-hold-and-win,https://playson.com/media/cache/game/uploads/games/cropped/b28c8cc180964a701b9fded7785e68dc2b4b4ee4.png
burning_fortunator,burning-fortunator,https://playson.com/media/cache/game/uploads/games/cropped/e91ebc909b1b5dbc6ba6fff57b954502ccdcd068.png
lion_gems,lion-gems-hold-and-win,https://playson.com/media/cache/game/uploads/games/cropped/a6358f245a10dae3479d4491d9a27644bc7b142f.png
divine_dragon,divine-dragon-hold-and-win,https://playson.com/media/cache/game/uploads/games/cropped/f97564b24af2ecb0842944031c37880f31217eb1.png
eagle_power,eagle-power-hold-and-win,https://playson.com/media/cache/game/uploads/games/cropped/79a9f3b9f83931a7f4ee9b4eba5f25891fa71558.png
fruits_and_jokers_100,fruits-jokers-100-lines,https://playson.com/media/cache/game/uploads/games/cropped/bb047a85d24c8e723a4df94ae7ba62e1053d9f41.png
fruits_and_jokers_20,fruits-jokers-20-lines,https://playson.com/media/cache/game/uploads/games/cropped/9092af7451f290e4a1650d36fd1949a2bbaaf0e4.png
fruits_and_jokers_40,fruits-jokers-40-lines,https://playson.com/media/cache/game/uploads/games/cropped/e52cb0cda13e4420041719400dadad1f1f06a090.png
fruits_and_clovers_20,fruits-clovers-20-lines,https://playson.com/media/cache/game/uploads/games/cropped/491adcafa565e9eb01c4776f97f42a28a6655d2f.png
fruity_crown,fruity-crown,https://playson.com/media/cache/game/uploads/games/cropped/bd86d2d28c8b2fc85b00f16d52cc25df103f95d5.png
hand_of_gold,hand-of-gold,https://playson.com/media/cache/game/uploads/games/cropped/955eec2b726c7d2dff1945df23de988ec355aa6b.png
hot_burning_wins,hot-burning-wins,https://playson.com/media/cache/game/uploads/games/cropped/5e070fc22a17d5e149c996070c29de4b2c290f97.png
hot_coins,hot-coins-hold-and-win,https://playson.com/media/cache/game/uploads/games/cropped/cdb5b205133103f6fb7444b03b3fcfb606918809.png
imperial_fruits_100,imperial-fruits-100-lines,https://playson.com/media/cache/game/uploads/games/cropped/0566ab56d2b62f37c2241f04c9b958e69862bf18.jpg
imperial_fruits_40,imperial-fruits-40-lines,https://playson.com/media/cache/game/uploads/games/cropped/a1cffcde6b741dd1776c31a258ad61f7c4d7ecc2.jpg
imperial_fruits_5,imperial-fruits-5-lines,https://playson.com/media/cache/game/uploads/games/cropped/765038a796469983d4f3f149c7f843a79391a5c5.png
jokers_coins,jokers-coins-hold-and-win,https://playson.com/media/cache/game/uploads/games/cropped/3846e9ca854a315f35b22c3f85112751699924b3.png
joker_expand_40,joker-expand-40-lines,https://playson.com/media/cache/game/uploads/games/cropped/d10ca0c09cb148676786396b51b72487a06dd254.png
joker_expand,joker-expand-5-lines,https://playson.com/media/cache/game/uploads/games/cropped/fd1f69a5a13246f23afda11cb2aecd11c540792a.jpg
legend_of_cleopatra,legend-of-cleopatra,https://playson.com/media/cache/game/uploads/games/cropped/ceeb7829f784192835f59adcd0d87d9e07bf314a.jpg
legend_of_cleopatra_megaways,legend-of-cleopatra-megaways,https://playson.com/media/cache/game/uploads/games/cropped/311c2669d61413e658f9eedd8cc21e973a75e3bd.png
mega_burning_wins_27,mega-burning-wins-27-ways,https://playson.com/media/cache/game/uploads/games/cropped/ddf09ddd8bc5415b2e2c5bf05e736f23378d0dba.png
mighty_africa,mighty-africa-4096-ways,https://playson.com/media/cache/game/uploads/games/cropped/2b687bf1e6b83ce5fc8e9e51406600c0a45aca28.png
pearl_beauty,pearl-beauty-hold-and-win,https://playson.com/media/cache/game/uploads/games/cropped/c33def83d4b6d925394f9e25064cb6eeb5312486.png
rich_diamonds,rich-diamonds-hold-and-win,https://playson.com/media/cache/game/uploads/games/cropped/34d263f2edd99e884368150327abdab9199070a2.png
rise_of_egypt,rise-of-egypt,https://playson.com/media/cache/game/uploads/games/cropped/a353da7ea179e3bf2bbda92b4232465efb3611ba.png
rise_of_egypt_deluxe,rise-of-egypt-deluxe,https://playson.com/media/cache/game/uploads/games/cropped/243698caf6808b69836d69b98110af65ccab638f.png
rome_caesars_glory,rome-caesar-s-glory,https://playson.com/media/cache/game/uploads/games/cropped/d3c3537ac8f91b5e5dade80096ef9bbb57c1cff6.png
royal_coins,royal-coins-hold-and-win,https://playson.com/media/cache/game/uploads/games/cropped/e09f17d442473d3104cf243d7bbb838ad1d7063d.png
roulette_with_track,roulette-with-track,https://playson.com/media/cache/game/uploads/games/cropped/b92a1be214c3dbdb5a266cffef28ea284fea673d.jpg
sevens_n_fruits,sevens-fruits,https://playson.com/media/cache/game/uploads/games/cropped/a8d98dd84970b6cbe86666cd680a5ec5ceef318c.jpg
sevens_n_fruits_20,sevens-fruits-20-lines,https://playson.com/media/cache/game/uploads/games/cropped/4427dda3507ccfca042607e5463f94c1a92161c0.png
sevens_n_fruits_6r,sevens-fruits-6-reels,https://playson.com/media/cache/game/uploads/games/cropped/7ecec7c194e75a018cca409f354bbbab863b7035.png
solar_king,solar-king,https://playson.com/media/cache/game/uploads/games/cropped/70e3566d254cd3f29b6c615e165281bbd32141cc.png
solar_queen,solar-queen,https://playson.com/media/cache/game/uploads/games/cropped/b868f1b2417d009c9bce33b1ce6aec33389cfbb3.jpg
solar_queen_mega,solar-queen-megaways,https://playson.com/media/cache/game/uploads/games/cropped/911bc91a200d462b92bec104d9c4a94458a5342e.png
solar_temple,solar-temple,https://playson.com/media/cache/game/uploads/games/cropped/0ec781357c0b2dc733d3fe0be9fcd31b769f0d30.png
spirit_of_egypt,spirit-of-egypt-hold-and-win,https://playson.com/media/cache/game/uploads/games/cropped/bf1068af131e95f6b5d3c6964293334c6d603f3f.png
stars_n_fruits_double_hit,stars-fruits-double-hit,https://playson.com/media/cache/game/uploads/games/cropped/8d5e1cd69fc05541abbe3e0c648a24173c135de0.png
sunny_fruits,sunny-fruits-hold-and-win,https://playson.com/media/cache/game/uploads/games/cropped/234eca00952d194b30c5aec50646ab8da4ec4ad4.png
super_burning_wins,super-burning-wins-classic-5-lines,https://playson.com/media/cache/game/uploads/games/cropped/26c331261864b250fae441486fb2c4369860c422.png
super_burning_wins_respin,super-burning-wins-respin,https://playson.com/media/cache/game/uploads/games/cropped/4b965ad8cb1c3e779ce3d35936b0fbd10158c363.jpg
super_sunny_fruits,super-sunny-fruits-hold-and-win,https://playson.com/media/cache/game/uploads/games/cropped/943ef9468c81e203373909f8762ca44af5b1d9c5.png
the_fruit_mega,the-fruit-megaways,https://playson.com/media/cache/game/uploads/games/cropped/d6608af825a2857e40a91d5436fe6c23990a5107.png
wild_warriors,wild-warriors,https://playson.com/media/cache/game/uploads/games/cropped/c30b781ad19f5433b5597097e7f9df15a6a46bfd.png
wolf_power,wolf-power-hold-and-win,https://playson.com/media/cache/game/uploads/games/cropped/3e257ed4fb5da4ec3c930654851f552614f210b2.png
wolf_power_mega,wolf-power-megaways,https://playson.com/media/cache/game/uploads/games/cropped/8ada4fefd531d4271948d63dcec1e4952a0a1433.png
luxor_gold,luxor-gold-hold-and-win,https://playson.com/media/cache/game/uploads/games/cropped/f49e73de6107ccf382ec833b78928728243e2c0a.png
book_del_sol,book-del-sol-multiplier,https://playson.com/media/cache/game/uploads/games/cropped/c606fc1272a7a908f07564780f5ccfa2682ba188.png 
juice_inc,juiceinc,https://playson.com/media/cache/game/uploads/games/cropped/13e1a5c57867aa3744bd534942002131ca89d947.png  