basket.jpg,basket
beisbol.jpg,beisbol
boton_parley2.png,boton_parley2
boton_recarga2.png,boton_recarga2
boton_registro2.png,boton_registro2
boton_retiro2.png,boton_retiro2
boxeo.jpg,boxeo
futbol.jpg,futbol
futbol_ame.jpg,futbol_ame
hockey.jpg,hockey
jugar4.png,jugar4
lotoactivo2.jpg,lotoactivo2
lotoactivo3.jpg,lotoactivo3
lotoactivo4.jpg,lotoactivo4
lotoactivo5.jpg,lotoactivo5
lotoactivo6.jpg,lotoactivo6
lotoactivo7.jpg,lotoactivo7
lotoactivo8.jpg,lotoactivo8
lotoactivo9.jpg,lotoactivo9
lotoactivo10.jpg,lotoactivo10
lotoactivo11.jpg,lotoactivo11
lotoactivo12.jpg,lotoactivo12
lotoactivo13.jpg,lotoactivo13
lotoactivo14.jpg,lotoactivo14
modalidad_apuestas.jpg,modalidad_apuestas
pingpong.jpg,pingpong
recargo.png,recargo
registro.png,registro
reglamentos-futsala.jpg,reglamentos-futsala
retiro.png,retiro
ruedafortuna1.jpg,ruedafortuna1
ruedafortuna2.jpg,ruedafortuna2
ruedafortuna3.jpg,ruedafortuna3
ruedafortuna4.jpg,ruedafortuna4
ruedafortuna5.jpg,ruedafortuna5
ruedafortuna6.jpg,ruedafortuna6
ruedafortuna7.jpg,ruedafortuna7
ruedafortuna8.jpg,ruedafortuna8
ruedafortuna8.jpg,ruedafortuna9
ruedafortuna10.jpg,ruedafortuna10
ruedafortuna11.jpg,ruedafortuna11
ruedafortuna12.jpg,ruedafortuna12
rugby.jpg,rugby
tenis.jpg,tenis
voleibol.jpg,voleibol