slider-pequeno_virtualgame_gallo.webp,slider pequeno virtualgame gallo
slider-grande_virtualgame_peleagallo.webp,slider grande virtualgame peleagallo
slider-grande_virtualgame_gallo.webp,slider grande virtualgame gallo
slider-pequeno_virtualgame_gallo2.webp,slider pequeno virtualgame gallo2
slider-pequeno_virtualgame_peleagallo.webp,slider pequeno virtualgame peleagallo
slider-grande_virtualgame_gallo2.webp,slider grande virtualgame gallo2
slider-pequeno_Jackpot copy.webp,slider pequeno Jackpot copy
slider_grande_jackpot_wolfgold.webp,slider grande jackpot wolfgold
boton_vivogaming_cup.webp,boton_vivogaming_cup
slider_grande_vivogaming_cup.webp,slider_grande_vivogaming_cup
slider-pequeno_vivogaming_cup.webp,slider-pequeno_vivogaming_cup
slider_grande_betsoft_cashrace.webp,slider_grande_betsoft_cashrace
slider_pequeno_betsoft_cashrace.webp,slider_pequeno_betsoft_cashrace
boton_betsoft_cashrace.webp,boton_betsoft_cashrace
slider-grande-dropsandwins_14042023.webp,slider-grande-dropsandwins_14042023
slider-pequeno-dropsandwins_14042023.webp,slider-pequeno-dropsandwins_14042023
boton-dropsandwins_14042023.webp,boton-dropsandwins_14042023
slider-pequeno_newruleta_pragamtic_snakes.webp,slider-pequeno_newruleta_pragamtic_snakes
slider-grande_newruleta_pragamtic_snakes.webp,slider-grande_newruleta_pragamtic_snakes
slider-grande_newruleta_pragmatic_2.webp,slider-grande_newruleta_pragmatic_2
slider-pequeno_newruleta_pragmatic_2.webp,slider-pequeno_newruleta_pragmatic_2
slider-pequeno_Mythicalgardens.webp,slider-pequeno_Mythicalgardens
slider-grande__Mythicalgardens.webp,slider-grande__Mythicalgardens
boton__Mythicalgardens.webp,boton__Mythicalgardens
slider-pequeno_casinolive_sprintgaming.webp,slider-pequeno_casinolive_sprintgaming
slider-grande_casinolive_sprintgaming.webp,slider-grande_casinolive_sprintgaming
slider-pequeno_svolution.webp,slider-pequeno_svolution
slider-grande_banner_evolution.webp,slider-grande_banner_evolution
slider-grande_slots_redtiger.webp,slider-grande_slots_redtiger
slider-pequeno_slots_redtiger.webp,slider-pequeno_slots_redtiger
sp_referidos_09072023.webp,sp_referidos_09072023
sg_referidos_09072023.webp,sg_referidos_09072023
b_referidos_09072023.webp,b_referidos_09072023
sg_bienvenida_07072023.webp,sg_bienvenida_07072023
sp_bienvenida_07072023.webp,sp_bienvenida_07072023
sp_pragmatic_megaroulett1.webp,sp_pragmatic_megaroulett1
sg_pragmatic_megaroulett1.webp,sg_pragmatic_megaroulett1
sp_freespins_barbarabang_julio2.webp,sp_freespins_barbarabang_julio2
sg_freespins_barbarabang_julio2.webp,sg_freespins_barbarabang_julio2
boton_freespins_barbarabang_julio2_1.webp,boton_freespins_barbarabang_julio2_1
boton_freespins_barbarabang_julio2_2.webp,boton_freespins_barbarabang_julio2_2
sp_pragmatic_vegasball.webp,sp_pragmatic_vegasball.webp
sg_pragmatic_vegasball.webp,sg_pragmatic_vegasball.webp
sp_pragmatic_premiosmisterioso.webp,sp_pragmatic_premiosmisterioso
sg_pragmatic_premiosmisterioso.webp,sg_pragmatic_premiosmisterioso
b_pragmatic_premiosmisterioso.webp,b_pragmatic_premiosmisterioso
sg_spaceman_pragmatic_chile.webp,sg_spaceman_pragmatic_chile
sp_spaceman_pragmatic_chile.webp,sp_spaceman_pragmatic_chile
b_spaceman_pragmatic_chile.webp,b_spaceman_pragmatic_chile
sg_freespins_pragmatic_agosto.webp,sg_freespins_pragmatic_agosto
sp_freespins_pragmatic_agosto.webp,sp_freespins_pragmatic_agosto
b_freespins_pragmatic_agosto.webp,b_freespins_pragmatic_agosto
b_freespins_pragmatic_agosto.webp_2,b_freespins_pragmatic_agosto_2
sg_casinolive_peru_pragagosto.webp,sg_casinolive_peru_pragagosto
sp_casinolive_peru_pragagosto.webp,sp_casinolive_peru_pragagosto
b_casinolive_peru_pragagosto.webp,b_casinolive_peru_pragagosto
sg_casinolive_chile_pragagosto.webp,sg_casinolive_chile_pragagosto
sp_casinolive_chile_pragagosto.webp,sp_casinolive_chile_pragagosto
b_casinolive_chile_pragagosto.webp,b_casinolive_chile_pragagosto.webp
sg_copalealtad_agosto_2023.webp,sg_copalealtad_agosto_2023
sp_copalealtad_agosto_2023.webp,sp_copalealtad_agosto_2023
b_copalealtad_agosto_2023_1.webp,b_copalealtad_agosto_2023_1
b_copalealtad_agosto_2023_2.webp,b_copalealtad_agosto_2023_2
sg_casinolive_pragmatic_agosto.webp,sg_casinolive_pragmatic_agosto
sp_casinolive_pragmatic_agosto.webp,sp_casinolive_pragmatic_agosto
b_casinolive_pragmatic_agosto.webp,b_casinolive_pragmatic_agosto
anecdota_20230801.webp,anecdota_20230801
anecdota_20230802.webp,anecdota_20230802
sp_newslots_01082023.webp,sp_newslots_01082023
sg_newslots_01082023.webp,sg_newslots_01082023
sg_mlb_06082023.webp,sg_mlb_06082023
sp_mlb_06082023.webp,sp_mlb_06082023
b_mlb_06082023-01.webp,b_mlb_06082023-01
b_mlb_06082023-02.webp,b_mlb_06082023-02
b_mlb_06082023-03.webp,b_mlb_06082023-03
sg_octavos_womensworldcup_2023.webp,sg_octavos_womensworldcup_2023
sp_octavos_womensworldcup_2023.webp,sp_octavos_womensworldcup_2023
b_octavos_womensworldcup_2023-01.webp,b_octavos_womensworldcup_2023-01
b_octavos_womensworldcup_2023-02.webp,b_octavos_womensworldcup_2023-02
b_octavos_womensworldcup_2023-03.webp,b_octavos_womensworldcup_2023-03
sg_saratoga_05082023.webp,sg_saratoga_05082023
sp_saratoga_05082023.webp,sp_saratoga_05082023
b_saratoga_05082023-01.webp,b_saratoga_05082023-01
b_saratoga_05082023-02.webp,b_saratoga_05082023-02
b_saratoga_05082023-03.webp,b_saratoga_05082023-03
sg_polla_04082023.webp,sg_polla_04082023
sp_polla_04082023.webp,sp_polla_04082023
b_polla_04082023.webp,b_polla_04082023
anecdota_20230803.webp,anecdota_20230803
anecdota_20230804.webp,anecdota_20230804
anecdota_20230804.webp,anecdota_20230804
anecdota_20230805.webp,anecdota_20230805
anecdota_20230806.webp,anecdota_20230806
anecdota_20230807.webp,anecdota_20230807
sg_cashback_07082023.webp,sg_cashback_07082023
sp_cashback_07082023.webp,sp_cashback_07082023
sp_recarga_07082023.webp,sp_recarga_07082023
sg_recarga_07082023.webp,sg_recarga_07082023
sp_recarga_07082023_usd.webp,sp_recarga_07082023_usd
sg_recarga_07082023_usd.webp,sg_recarga_07082023_usd
sp_recarga_07082023_peru.webp,sp_recarga_07082023_peru
sg_recarga_07082023_peru.webp,sg_recarga_07082023_peru
sp_recarga_07082023_chile.webp,sp_recarga_07082023_chile
sg_recarga_07082023_chile.webp,sg_recarga_07082023_chile
sp_recarganoct_09082023.webp,sp_recarganoct_09082023
sg_recarganoct_09082023.webp,sg_recarganoct_09082023
sp_recarganoct_09082023_usd.webp,sp_recarganoct_09082023_usd
sg_recarganoct_09082023_usd.webp,sg_recarganoct_09082023_usd
sp_recarganoct_09082023_peru.webp,sp_recarganoct_09082023_peru
sg_recarganoct_09082023_peru.webp,sg_recarganoct_09082023_peru
sp_recarganoct_09082023_chile.webp,sp_recarganoct_09082023_chile
sg_recarganoct_09082023_chile.webp,sg_recarganoct_09082023_chile
sp_recarga_11082023.webp,sp_recarga_11082023
sg_recarga_11082023.webp,sg_recarga_11082023
sp_recarga_11082023_usd.webp,sp_recarga_11082023_usd
sg_recarga_11082023_usd.webp,sg_recarga_11082023_usd
sp_recarga_11082023_peru.webp,sp_recarga_11082023_peru
sg_recarga_11082023_peru.webp,sg_recarga_11082023_peru
sp_recarga_11082023_chile.webp,sp_recarga_11082023_chile
sg_recarga_11082023_chile.webp,sg_recarga_11082023_chile
sg_newslots_07082023.webp,sg_newslots_07082023
sp_newslots_07082023.webp,sp_newslots_07082023
sg_cuartos_womensworldcup.webp,sg_cuartos_womensworldcup
sp_cuartos_womensworldcup.webp,sp_cuartos_womensworldcup
b_cuartos_womensworldcup_01.webp,b_cuartos_womensworldcup_01
b_cuartos_womensworldcup_02.webp,b_cuartos_womensworldcup_02
b_cuartos_womensworldcup_03.webp,b_cuartos_womensworldcup_03
anecdota_20230809.webp,anecdota_20230809
sg_pragmatic_speedbj.webp,sg_pragmatic_speedbj
sp_pragmatic_speedbj.webp,sp_pragmatic_speedbj
anecdota_20230810.webp,anecdota_20230810
sg_polla_11082023.webp,sg_polla_11082023
sp_polla_11082023.webp,sp_polla_11082023
b_polla_11082023.webp,b_polla_11082023
sg_mlb_13082023.webp,sg_mlb_13082023
sp_mlb_13082023.webp,sp_mlb_13082023
b_mlb_13082023_01.webp,b_mlb_13082023_01
b_mlb_13082023_02.webp,b_mlb_13082023_02
b_mlb_13082023_03.webp,b_mlb_13082023_03
sg_gulfstream_12082023.webp,sg_gulfstream_12082023
sp_gulfstream_12082023.webp,sp_gulfstream_12082023
b_gulfstream_12082023_01.webp,b_gulfstream_12082023_01
b_gulfstream_12082023_02.webp,b_gulfstream_12082023_02
b_gulfstream_12082023_03.webp,b_gulfstream_12082023_03
sg_barbarabang_10082023.webp,sg_barbarabang_10082023
sp_barbarabang_10082023.webp,sp_barbarabang_10082023
b_barbarabang_10082023_01.webp,b_barbarabang_10082023_01
b_barbarabang_10082023_02.webp,b_barbarabang_10082023_02
anecdota_20230811.webp,anecdota_20230811
anecdota_20230812.webp,anecdota_20230812
anecdota_20230813.webp,anecdota_20230813
anecdota_20230814.webp,anecdota_20230814
sp_cashback_14082023.webp,sp_cashback_14082023
sg_cashback_14082023.webp,sg_cashback_14082023
sp_recarga_14082023.webp,sp_recarga_14082023
sg_recarga_14082023.webp,sg_recarga_14082023
sp_recarga_14082023_peru.webp,sp_recarga_14082023_peru
sg_recarga_14082023_peru.webp,sg_recarga_14082023_peru
sp_recarga_14082023_chile.webp,sp_recarga_14082023_chile
sg_recarga_14082023_chile.webp,sg_recarga_14082023_chile
sp_recarga_14082023_ecuador.webp,sp_recarga_14082023_ecuador
sg_recarga_14082023_ecuador.webp,sg_recarga_14082023_ecuador
sp_recarganoct_16082023.webp,sp_recarganoct_16082023
sg_recarganoct_16082023.webp,sg_recarganoct_16082023
sp_recarganoct_16082023_peru.webp,sp_recarganoct_16082023_peru
sg_recarganoct_16082023_peru.webp,sg_recarganoct_16082023_peru
sp_recarganoct_16082023_chile.webp,sp_recarganoct_16082023_chile
sg_recarganoct_16082023_chile.webp,sg_recarganoct_16082023_chile
sp_recarganoct_16082023_ecuador.webp,sp_recarganoct_16082023_ecuador
sg_recarganoct_16082023_ecuador.webp,sg_recarganoct_16082023_ecuador
sp_ruleta_18082023.webp,sp_ruleta_18082023
sg_ruleta_18082023.webp,sg_ruleta_18082023
sp_ruleta_18082023_peru.webp,sp_ruleta_18082023_peru
sg_ruleta_18082023_peru.webp,sg_ruleta_18082023_peru
sp_ruleta_18082023_chile.webp,sp_ruleta_18082023_chile
sg_ruleta_18082023_chile.webp,sg_ruleta_18082023_chile
sp_ruleta_18082023_ecuador.webp,sp_ruleta_18082023_ecuador
sg_ruleta_18082023_ecuador.webp,sg_ruleta_18082023_ecuador
b_premiomisterios_stp_pragmatic_1.webp,b_premiomisterios_stp_pragmatic_1
b_premiomisterios_stp_pragmatic_2.webp,b_premiomisterios_stp_pragmatic_2
sg_premiomisterios_stp_pragmatic.webp,sg_premiomisterios_stp_pragmatic
sp_premiomisterios_stp_pragmatic.webp,sp_premiomisterios_stp_pragmatic
b_piramyd_stp_pragmatic_1.webp,b_piramyd_stp_pragmatic_1
b_piramyd_stp_pragmatic_2.webp,b_piramyd_stp_pragmatic_2
sg_piramyd_stp_pragmatic.webp,sg_piramyd_stp_pragmatic
sp_piramyd_stp_pragmatic.webp,sp_piramyd_stp_pragmatic
sg_pragmatic_torneo_casinolive.webp,sg_pragmatic_torneo_casinolive
sp_pragmatic_torneo_casinolive.webp,sp_pragmatic_torneo_casinolive
b_pragmatic_torneo_casinolive.webp,b_pragmatic_torneo_casinolive
sg_pragmatic_misterioso_casinolive.webp,sg_pragmatic_misterioso_casinolive
sp_pragmatic_misterioso_casinolive.webp,sp_pragmatic_misterioso_casinolive
b_pragmatic_misterioso_casinolive.webp,b_pragmatic_misterioso_casinolive
sp_uefasupercup_2023.webp,sp_uefasupercup_2023
sg_uefasupercup_2023.webp,sg_uefasupercup_2023
b_uefasupercup_2023-01.webp,b_uefasupercup_2023-01
b_uefasupercup_2023-02.webp,b_uefasupercup_2023-02
b_uefasupercup_2023-03.webp,b_uefasupercup_2023-03


